Workbook
Name act_cal_base_address: activity_calendar!$P$2
Name ADDR_OTHERS: misc!$S$3
Name BILLING_SCHEDULE_ADDRESS: 'Single Action'!#REF!
Name BILLING_SCHEDULE_ADDRESS_1PHASE: 'Single Action'!$Q$2
Name BILLING_SCHEDULE_BASE_1PHASE: 'Single Action'!$Q$2
Name BILLINGPARAM_BASEADDRESS: billing_param!#REF!
Name billingparamaddress: billing_param!#REF!
Name BILLINGPARAMBASEADDRESS_1PHASE: billing_param!$O$3
Name DAILYLOAD_BASEADDRESS_3PHASE: dailyload!#REF!
Name DAILYLOADSURVEYBASEADDRESS_1phase: dailyload!$S$1
Name DLMS_EEPROM_START_ADDRESS__in_HEX: Event_logs!#REF!
Name DLNS_NUMBYTESTOSTORE_3PHASE: dailyload!#REF!
Name DLS_MAXDAYS: dailyload!$J$1
Name DLS_MAXDAYS_60: dailyload!$L$1
Name DLS_numbytestostore_1phase: dailyload!$P$1
Name INSTANTANEOUS_BASEADDR: 'Instataneous Param'!#REF!
Name INSTANTANEOUS_BASEADDR_1PHASE: 'Instataneous Param'!$F$3
Name LOAD_SURVEY_BASE_ADRESS: 'block load survey'!$S$1
Name LOAD_SURVEY_BASE_ADRESS_1phase: 'block load survey'!$S$1
Name LOADSURVEY_REF_ADDRESS: 'block load survey'!$V$1
Name loadsurveybaseaddress: 'block load survey'!#REF!
Name loadsurveyref_address: 'block load survey'!#REF!
Name MD_NUMBYTES: billing_param!#REF!
Name MD_SLOTS: billing_param!#REF!
Name MISC_OTHERS: misc!#REF!
Name numberofbytes_to_store_1phase: billing_param!$L$3
Name numberofbytes_tostore_1phase: 'block load survey'!$P$1
Name NUMBYTES: 'block load survey'!#REF!
Name PASSWORD_BASE_ADDRESS: password!#REF!
Name PASSWORD_BASE_ADDRESS_1PHASE: password!$P$3
Name sizeof_event_buffer: Event_logs!$D$5
Name slots_per_day_1phase: 'block load survey'!$L$1
Name SLOTSPERDAY: 'block load survey'!#REF!

Sheet Overview
A2: 1 | B2: This is a EEPROM map for SY7T108 DLMS (1 phase) | C2: 12 Billing History,
C3: 2 seasons
C4: 5 Time Zones
C5: 60 days Load survey

Sheet Event_logs
C3: 1-phase Tamper data storage in EEPROM ( 20+50 events) (event log of 30 bytes)
G4: Available address for DLMS | H4: A02
B5: code reference | C5: sizeof_event buffer | D5: 30 | G5: ADDRESS_INITMETER | H5: =H4 -> A02
C6: Event ID status | D6: EEPROM address (hex) | E6: EEPROM address (dec) | F6: number of storage bytes | G6: Type of Tamper | H6: Parameter | I6: EEPROM offset index | J6: Remark | K6: event log storage in EEPROM from @EVENTLOG_BASE_ADDRESS
B7: EVENTIDS_BASEADDRESS | C7: event_ID_status (1,2) | D7: A04 | E7: =HEX2DEC(D7) -> 2564 | F7: 0 | G7: voltages | H7: NA (RPhase_missing) | J7: NOT USED | K7: parameter | L7: number of bytes
C8: event_ID_status (3,4) | D8: =DEC2HEX(SUM(HEX2DEC(D7))+F7) -> A04 | E8: =HEX2DEC(D8) -> 2564 | F8: 0 | H8: NA (YPhase_missing) | J8: NOT USED | K8: date+time | L8: 12
C9: event_ID_status (5,6) | D9: =DEC2HEX(SUM(HEX2DEC(D8))+F8) -> A04 | E9: =HEX2DEC(D9) -> 2564 | F9: 0 | H9: NA (BPhase_missing) | J9: NOT USED | K9: event code | L9: 2
C10: event_ID_status (7,8) | D10: =DEC2HEX(SUM(HEX2DEC(D9))+F9) -> A04 | E10: =HEX2DEC(D10) -> 2564 | F10: 0 | H10: NA (Over Voltage) | J10: NOT USED | K10: Measured Current | L10: 4
C11: event_ID_status (9,10) | D11: =DEC2HEX(SUM(HEX2DEC(D10))+F10) -> A04 | E11: =HEX2DEC(D11) -> 2564 | F11: 1 | H11: (Low Voltage) | I11: 0 | K11: Phase Voltage | L11: 4
C12: event_ID_status (11,12) | D12: =DEC2HEX(SUM(HEX2DEC(D11))+F11) -> A05 | E12: =HEX2DEC(D12) -> 2565 | F12: 0 | H12: NA (Voltage Unbalance) | J12: NOT USED | K12: PF | L12: 4
C13: eventID status(51,52) | D13: =DEC2HEX(SUM(HEX2DEC(D12))+F12) -> A05 | E13: =HEX2DEC(D13) -> 2565 | F13: 0 | G13: currents | J13: NOT USED | K13: KWh | L13: 4
C14: eventID status(53,54) | D14: =DEC2HEX(SUM(HEX2DEC(D13))+F13) -> A05 | E14: =HEX2DEC(D14) -> 2565 | F14: 0 | H14: NA (R CT reverse) | J14: NOT USED | K14: Total | L14: =SUM(L8:L13) -> 30
C15: eventID status(55,56) | D15: =DEC2HEX(SUM(HEX2DEC(D14))+F14) -> A05 | E15: =HEX2DEC(D15) -> 2565 | F15: 0 | H15: NA (Y CT reverse) | J15: NOT USED
C16: eventID status(57,58) | D16: =DEC2HEX(SUM(HEX2DEC(D15))+F15) -> A05 | E16: =HEX2DEC(D16) -> 2565 | F16: 0 | H16: NA (B CT reverse) | J16: NOT USED
C17: eventID status(59,60) | D17: =DEC2HEX(SUM(HEX2DEC(D16))+F16) -> A05 | E17: =HEX2DEC(D17) -> 2565 | F17: 0 | H17: NA (R CT Open) | J17: NOT USED
C18: eventID status(61,62) | D18: =DEC2HEX(SUM(HEX2DEC(D17))+F17) -> A05 | E18: =HEX2DEC(D18) -> 2565 | F18: 0 | H18: NA (Y CT Open) | J18: NOT USED
C19: eventID status(63,64) | D19: =DEC2HEX(SUM(HEX2DEC(D18))+F18) -> A05 | E19: =HEX2DEC(D19) -> 2565 | F19: 0 | H19: NA (B CT Open) | J19: NOT USED
C20: eventID status(65,66) | D20: =DEC2HEX(SUM(HEX2DEC(D19))+F19) -> A05 | E20: =HEX2DEC(D20) -> 2565 | F20: 0 | H20: NA (Current Unbalance) | J20: NOT USED
C21: eventID status(67,68) | D21: =DEC2HEX(SUM(HEX2DEC(D20))+F20) -> A05 | E21: =HEX2DEC(D21) -> 2565 | F21: 0 | H21: NA (Over Current) | J21: NOT USED
C22: eventID status(69,70) | D22: =DEC2HEX(SUM(HEX2DEC(D21))+F21) -> A05 | E22: =HEX2DEC(D22) -> 2565 | F22: 1 | H22: Earth Loading | I22: =SUM(1+I11) -> 1
C23: eventID status(101,102) | D23: =DEC2HEX(SUM(HEX2DEC(D22))+F22) -> A06 | E23: =HEX2DEC(D23) -> 2566 | F23: 1 | G23: power | H23: POWER_FAIL | I23: =SUM(1+I22) -> 2
C24: eventID status(151) | D24: =DEC2HEX(SUM(HEX2DEC(D23))+F23) -> A07 | E24: =HEX2DEC(D24) -> 2567 | F24: 1 | G24: transaction related | H24: RTC | I24: =SUM(1+I23) -> 3
C25: eventID status(152) | D25: =DEC2HEX(SUM(HEX2DEC(D24))+F24) -> A08 | E25: =HEX2DEC(D25) -> 2568 | F25: 1 | H25: DEMAND_INT | I25: =SUM(1+I24) -> 4
C26: eventID status(153) | D26: =DEC2HEX(SUM(HEX2DEC(D25))+F25) -> A09 | E26: =HEX2DEC(D26) -> 2569 | F26: 1 | H26: PROFILE_CAPTURE | I26: =SUM(1+I25) -> 5
C27: eventID status(154) | D27: =DEC2HEX(SUM(HEX2DEC(D26))+F26) -> A0A | E27: =HEX2DEC(D27) -> 2570 | F27: 1 | H27: SINGLE_ACTION | I27: =SUM(1+I26) -> 6
C28: eventID status(155) | D28: =DEC2HEX(SUM(HEX2DEC(D27))+F27) -> A0B | E28: =HEX2DEC(D28) -> 2571 | F28: 1 | H28: ACTIVITY_CALENDER | I28: =SUM(1+I27) -> 7
C29: eventID status(201,202) | D29: =DEC2HEX(SUM(HEX2DEC(D28))+F28) -> A0C | E29: =HEX2DEC(D29) -> 2572 | F29: 1 | G29: magnetic | H29: MAGNET | I29: =SUM(1+I28) -> 8
C30: eventID status(203,204) | D30: =DEC2HEX(SUM(HEX2DEC(D29))+F29) -> A0D | E30: =HEX2DEC(D30) -> 2573 | F30: 1 | H30: NEUTRAL_DISTURBANCE | I30: =SUM(1+I29) -> 9
C31: eventID status(205,206) | D31: =DEC2HEX(SUM(HEX2DEC(D30))+F30) -> A0E | E31: =HEX2DEC(D31) -> 2574 | F31: 1 | G31: NOT USED | H31: VERY_LOWPF | I31: =SUM(1+I30) -> 10 | J31: NOT USED
C32: eventID status(207,208) | D32: =DEC2HEX(SUM(HEX2DEC(D31))+F31) -> A0F | E32: =HEX2DEC(D32) -> 2575 | F32: 1 | H32: Neutral missing | I32: =SUM(1+I31) -> 11
C33: eventID status(251) | D33: =DEC2HEX(SUM(HEX2DEC(D32))+F32) -> A10 | E33: =HEX2DEC(D33) -> 2576 | F33: 1 | G33: coveropen | H33: METER_OPEN | I33: =SUM(1+I32) -> 12
C34: eventID status(301,302) | D34: =DEC2HEX(SUM(HEX2DEC(D33))+F33) -> A11 | E34: =HEX2DEC(D34) -> 2577 | F34: 1 | H34: METER_CONNECT | I34: =SUM(1+I33) -> 13 | J34: NOT USED
C36: TamperCount | D36: =DEC2HEX(SUM(HEX2DEC(D34))+F34) -> A12 | E36: =HEX2DEC(D36) -> 2578 | F36: 1 | H36: tamper count | I36: =SUM(1+I34) -> 14
B37: EVENTTYPES_BASEADDRESS | C37: voltage_event_code | D37: =DEC2HEX(SUM(HEX2DEC(D36))+F36) -> A13 | E37: =HEX2DEC(D37) -> 2579 | F37: 2 | H37: voltage event | I37: =SUM(1+I36) -> 15
C38: current_event_code | D38: =DEC2HEX(SUM(HEX2DEC(D37))+F37) -> A15 | E38: =HEX2DEC(D38) -> 2581 | F38: 2 | H38: current event | I38: =SUM(1+I37) -> 16
C39: Power_event_code | D39: =DEC2HEX(SUM(HEX2DEC(D38))+F38) -> A17 | E39: =HEX2DEC(D39) -> 2583 | F39: 2 | H39: power event | I39: =SUM(1+I38) -> 17
C40: transaction_event_code | D40: =DEC2HEX(SUM(HEX2DEC(D39))+F39) -> A19 | E40: =HEX2DEC(D40) -> 2585 | F40: 2 | H40: rtansaction event | I40: =SUM(1+I39) -> 18
C41: magnetic_event_code | D41: =DEC2HEX(SUM(HEX2DEC(D40))+F40) -> A1B | E41: =HEX2DEC(D41) -> 2587 | F41: 2 | H41: magnetic event | I41: =SUM(1+I40) -> 19
C42: coveropen_event_code | D42: =DEC2HEX(SUM(HEX2DEC(D41))+F41) -> A1D | E42: =HEX2DEC(D42) -> 2589 | F42: 2 | H42: cover open event | I42: =SUM(1+I41) -> 20
C43: control_event_code | D43: =DEC2HEX(SUM(HEX2DEC(D42))+F42) -> A1F | E43: =HEX2DEC(D43) -> 2591 | F43: 2 | G43: UN USED | H43: control event | I43: =SUM(1+I42) -> 21
D44: =DEC2HEX(SUM(HEX2DEC(D43))+F43) -> A21 | E44: =HEX2DEC(D44) -> 2593 | F44: 0
B46: EVENTLOG_BASE_ADDRESS | C46: 30 bytes | D46: =DEC2HEX(SUM(HEX2DEC(D44))+F44) -> A21 | E46: =HEX2DEC(D46) -> 2593 | F46: 30 | H46: event log of 30 bytes | I46: 0 | J46: event 1 (date_time + 18)
C47: 30 bytes | D47: =DEC2HEX(SUM(HEX2DEC(D46))+sizeof_event_buffer) -> A3F | E47: =HEX2DEC(D47) -> 2623 | F47: 30 | I47: =SUM(1+I46) -> 1 | J47: event 2 (date_time + 18)
C48: 30 bytes | D48: =DEC2HEX(SUM(HEX2DEC(D47))+sizeof_event_buffer) -> A5D | E48: =HEX2DEC(D48) -> 2653 | F48: 30 | I48: =SUM(1+I47) -> 2 | J48: event 3 (date_time + 18)
C49: ..(cont'd) | D49: =DEC2HEX(SUM(HEX2DEC(D48))+sizeof_event_buffer) -> A7B | E49: =HEX2DEC(D49) -> 2683 | F49: 30 | I49: =SUM(1+I48) -> 3
C50: ..(cont'd) | D50: =DEC2HEX(SUM(HEX2DEC(D49))+sizeof_event_buffer) -> A99 | E50: =HEX2DEC(D50) -> 2713 | F50: 30 | I50: =SUM(1+I49) -> 4
C51: ..(cont'd) | D51: =DEC2HEX(SUM(HEX2DEC(D50))+sizeof_event_buffer) -> AB7 | E51: =HEX2DEC(D51) -> 2743 | F51: 30 | I51: =SUM(1+I50) -> 5
C52: ..(cont'd) | D52: =DEC2HEX(SUM(HEX2DEC(D51))+sizeof_event_buffer) -> AD5 | E52: =HEX2DEC(D52) -> 2773 | F52: 30 | I52: =SUM(1+I51) -> 6
C53: ..(cont'd) | D53: =DEC2HEX(SUM(HEX2DEC(D52))+sizeof_event_buffer) -> AF3 | E53: =HEX2DEC(D53) -> 2803 | F53: 30 | I53: =SUM(1+I52) -> 7
C54: ..(cont'd) | D54: =DEC2HEX(SUM(HEX2DEC(D53))+sizeof_event_buffer) -> B11 | E54: =HEX2DEC(D54) -> 2833 | F54: 30 | I54: =SUM(1+I53) -> 8
C55: ..(cont'd) | D55: =DEC2HEX(SUM(HEX2DEC(D54))+sizeof_event_buffer) -> B2F | E55: =HEX2DEC(D55) -> 2863 | F55: 30 | I55: =SUM(1+I54) -> 9
C56: ..(cont'd) | D56: =DEC2HEX(SUM(HEX2DEC(D55))+sizeof_event_buffer) -> B4D | E56: =HEX2DEC(D56) -> 2893 | F56: 30 | I56: =SUM(1+I55) -> 10
C57: ..(cont'd) | D57: =DEC2HEX(SUM(HEX2DEC(D56))+sizeof_event_buffer) -> B6B | E57: =HEX2DEC(D57) -> 2923 | F57: 30 | I57: =SUM(1+I56) -> 11
C58: ..(cont'd) | D58: =DEC2HEX(SUM(HEX2DEC(D57))+sizeof_event_buffer) -> B89 | E58: =HEX2DEC(D58) -> 2953 | F58: 30 | I58: =SUM(1+I57) -> 12
C59: ..(cont'd) | D59: =DEC2HEX(SUM(HEX2DEC(D58))+sizeof_event_buffer) -> BA7 | E59: =HEX2DEC(D59) -> 2983 | F59: 30 | I59: =SUM(1+I58) -> 13
C60: ..(cont'd) | D60: =DEC2HEX(SUM(HEX2DEC(D59))+sizeof_event_buffer) -> BC5 | E60: =HEX2DEC(D60) -> 3013 | F60: 30 | I60: =SUM(1+I59) -> 14
... C115: ..(cont'd) | D115: =DEC2HEX(SUM(HEX2DEC(D114))+sizeof_event_buffer) -> 1237 | E115: =HEX2DEC(D115) -> 4663 | F115: 30 | I115: =SUM(1+I114) -> 69
C116: ..(cont'd) | D116: =DEC2HEX(SUM(HEX2DEC(D115))+sizeof_event_buffer) -> 1255 | E116: =HEX2DEC(D116) -> 4693 | F116: 30 | G116: Next available memory | I116: =SUM(1+I115) -> 70 | J116: event 70 (date_time)

Sheet block load survey
A1: block load survey parameters : 1-phase | K1: slots_per_day_1phase | L1: 48 | O1: numberofbytes_to store_1phase | P1: 42 | R1: LOAD SURVEY BASE ADRESS | S1: =G75 -> 1283 | U1: LOAD_SURVEY_REF_ADDRESS | V1: =Event_logs!D116 -> 1255
B2: day | C2: hour | D2: mins | E2: slotnum | F2: Offset from base address (hex) | G2: stored @ EEPROM address in HEX | H2: stored @ EEPROM address in DEC | I2: day | J2: hour | K2: mins | L2: slotnum | M2: Offset from base address (hex) | N2: stored @ EEPROM address in HEX | O2: stored @ EEPROM address in DEC | P2: day | Q2: hour | R2: mins | S2: slotnum | T2: Offset from base address (hex) | U2: stored @ EEPROM address in HEX | V2: stored @ EEPROM address in DEC | X2: day | Y2: hour | Z2: mins | AA2: slotnum | AB2: Offset from base address (hex) | AC2: stored @ EEPROM address in HEX | AD2: stored @ EEPROM address in DEC | AF2: day | AG2: hour | AH2: mins | AI2: slotnum | AJ2: Offset from base address (hex) | AK2: stored @ EEPROM address in HEX | AL2: stored @ EEPROM address in DEC | AN2: day | AO2: hour | AP2: mins | AQ2: slotnum | AR2: Offset from base address (hex) | AS2: stored @ EEPROM address in HEX | AT2: stored @ EEPROM address in DEC | AV2: day | AW2: hour | AX2: mins | AY2: slotnum | AZ2: Offset from base address (hex) | BA2: stored @ EEPROM address in HEX | BB2: stored @ EEPROM address in DEC
B3: 0 | C3: 0 | D3: 0 | E3: =IF(D3=0,(2*C3),(2*C3+1)) -> 0 | F3: =DEC2HEX(SUM((B3*slots_per_day_1phase)+E3)*numberofbytes_tostore_1phase) -> 0 | G3: =DEC2HEX(SUM(HEX2DEC(LOAD_SURVEY_BASE_ADRESS),HEX2DEC(F3))) -> 1283 | I3: 1 | J3: 0 | K3: 0 | L3: =IF(K3=0,(2*J3),(2*J3+1)) -> 0 | M3: =DEC2HEX(SUM((I3*slots_per_day_1phase)+L3)*numberofbytes_tostore_1phase) -> 7E0 | N3: =DEC2HEX(SUM(HEX2DEC(LOAD_SURVEY_BASE_ADRESS),HEX2DEC(M3))) -> 1A63 | P3: =SUM(I3+1) -> 2 | Q3: 0 | R3: 0 | S3: =IF(R3=0,(2*Q3),(2*Q3+1)) -> 0 | T3: =DEC2HEX(SUM((P3*slots_per_day_1phase)+S3)*numberofbytes_tostore_1phase) -> FC0 | U3: =DEC2HEX(SUM(HEX2DEC(LOAD_SURVEY_BASE_ADRESS),HEX2DEC(T3))) -> 2243 | X3: 7 | Y3: 0 | Z3: 0 | AA3: =IF(Z3=0,(2*Y3),(2*Y3+1)) -> 0 | AB3: =DEC2HEX(SUM((X3*slots_per_day_1phase)+AA3)*numberofbytes_tostore_1phase) -> 3720 | AC3: =DEC2HEX(SUM(HEX2DEC(LOAD_SURVEY_BASE_ADRESS),HEX2DEC(AB3))) -> 49A3 | AF3: 21 | AG3: 0 | AH3: 0 | AI3: =IF(AH3=0,(2*AG3),(2*AG3+1)) -> 0 | AJ3: =DEC2HEX(SUM((AF3*slots_per_day_1phase)+AI3)*numberofbytes_tostore_1phase) -> A560 | AK3: =DEC2HEX(SUM(HEX2DEC(LOAD_SURVEY_BASE_ADRESS),HEX2DEC(AJ3))) -> B7E3 | AN3: 34 | AO3: 0 | AP3: 0 | AQ3: =IF(AP3=0,(2*AO3),(2*AO3+1)) -> 0 | AR3: =DEC2HEX(SUM((AN3*slots_per_day_1phase)+AQ3)*numberofbytes_tostore_1phase) -> 10BC0 | AS3: =DEC2HEX(SUM(HEX2DEC(LOAD_SURVEY_BASE_ADRESS),HEX2DEC(AR3))) -> 11E43 | AV3: 60 | AW3: 0 | AX3: 0 | AY3: =IF(AX3=0,(2*AW3),(2*AW3+1)) -> 0 | AZ3: =DEC2HEX(SUM((AV3*slots_per_day_1phase)+AY3)*numberofbytes_tostore_1phase) -> 1D880 | BA3: =DEC2HEX(SUM(HEX2DEC(LOAD_SURVEY_BASE_ADRESS),HEX2DEC(AZ3))) -> 1EB03
B4: 0 | C4: =C3 -> 0 | D4: =IF(D3=30,0,30) -> 30 | E4: =IF(D4=0,(2*C4),(2*C4+1)) -> 1 | F4: =DEC2HEX(SUM((B4*slots_per_day_1phase)+E4)*numberofbytes_tostore_1phase) -> 2A | G4: =DEC2HEX(SUM(HEX2DEC(LOAD_SURVEY_BASE_ADRESS),HEX2DEC(F4))) -> 12AD | I4: 1 | J4: =J3 -> 0 | K4: =IF(K3=30,0,30) -> 30 | L4: =IF(K4=0,(2*J4),(2*J4+1)) -> 1 | M4: =DEC2HEX(SUM((I4*slots_per_day_1phase)+L4)*numberofbytes_tostore_1phase) -> 80A | N4: =DEC2HEX(SUM(HEX2DEC(LOAD_SURVEY_BASE_ADRESS),HEX2DEC(M4))) -> 1A8D | P4: =SUM(P3+0) -> 2 | Q4: =Q3 -> 0 | R4: =IF(R3=30,0,30) -> 30 | S4: =IF(R4=0,(2*Q4),(2*Q4+1)) -> 1 | T4: =DEC2HEX(SUM((P4*slots_per_day_1phase)+S4)*numberofbytes_tostore_1phase) -> FEA | U4: =DEC2HEX(SUM(HEX2DEC(LOAD_SURVEY_BASE_ADRESS),HEX2DEC(T4))) -> 226D | X4: =SUM(X3+0) -> 7 | Y4: =Y3 -> 0 | Z4: =IF(Z3=30,0,30) -> 30 | AA4: =IF(Z4=0,(2*Y4),(2*Y4+1)) -> 1 | AB4: =DEC2HEX(SUM((X4*slots_per_day_1phase)+AA4)*numberofbytes_tostore_1phase) -> 374A | AC4: =DEC2HEX(SUM(HEX2DEC(LOAD_SURVEY_BASE_ADRESS),HEX2DEC(AB4))) -> 49CD | AF4: =SUM(AF3+0) -> 21 | AG4: =AG3 -> 0 | AH4: =IF(AH3=30,0,30) -> 30 | AI4: =IF(AH4=0,(2*AG4),(2*AG4+1)) -> 1 | AJ4: =DEC2HEX(SUM((AF4*slots_per_day_1phase)+AI4)*numberofbytes_tostore_1phase) -> A58A | AK4: =DEC2HEX(SUM(HEX2DEC(LOAD_SURVEY_BASE_ADRESS),HEX2DEC(AJ4))) -> B80D | AN4: =SUM(AN3+0) -> 34 | AO4: =AO3 -> 0 | AP4: =IF(AP3=30,0,30) -> 30 | AQ4: =IF(AP4=0,(2*AO4),(2*AO4+1)) -> 1 | AR4: =DEC2HEX(SUM((AN4*slots_per_day_1phase)+AQ4)*numberofbytes_tostore_1phase) -> 10BEA | AS4: =DEC2HEX(SUM(HEX2DEC(LOAD_SURVEY_BASE_ADRESS),HEX2DEC(AR4))) -> 11E6D | AV4: 60 | AW4: =AW3 -> 0 | AX4: =IF(AX3=30,0,30) -> 30 | AY4: =IF(AX4=0,(2*AW4),(2*AW4+1)) -> 1 | AZ4: =DEC2HEX(SUM((AV4*slots_per_day_1phase)+AY4)*numberofbytes_tostore_1phase) -> 1D8AA | BA4: =DEC2HEX(SUM(HEX2DEC(LOAD_SURVEY_BASE_ADRESS),HEX2DEC(AZ4))) -> 1EB2D
B5: 0 | C5: =SUM(C4+1) -> 1 | D5: =IF(D4=30,0,30) -> 0 | E5: =IF(D5=0,(2*C5),(2*C5+1)) -> 2 | F5: =DEC2HEX(SUM((B5*slots_per_day_1phase)+E5)*numberofbytes_tostore_1phase) -> 54 | G5: =DEC2HEX(SUM(HEX2DEC(LOAD_SURVEY_BASE_ADRESS),HEX2DEC(F5))) -> 12D7 | I5: 1 | J5: =SUM(J4+1) -> 1 | K5: =IF(K4=30,0,30) -> 0 | L5: =IF(K5=0,(2*J5),(2*J5+1)) -> 2 | M5: =DEC2HEX(SUM((I5*slots_per_day_1phase)+L5)*numberofbytes_tostore_1phase) -> 834 | N5: =DEC2HEX(SUM(HEX2DEC(LOAD_SURVEY_BASE_ADRESS),HEX2DEC(M5))) -> 1AB7 | P5: =SUM(P4+0) -> 2 | Q5: =SUM(Q4+1) -> 1 | R5: =IF(R4=30,0,30) -> 0 | S5: =IF(R5=0,(2*Q5),(2*Q5+1)) -> 2 | T5: =DEC2HEX(SUM((P5*slots_per_day_1phase)+S5)*numberofbytes_tostore_1phase) -> 1014 | U5: =DEC2HEX(SUM(HEX2DEC(LOAD_SURVEY_BASE_ADRESS),HEX2DEC(T5))) -> 2297 | X5: =SUM(X4+0) -> 7 | Y5: =SUM(Y4+1) -> 1 | Z5: =IF(Z4=30,0,30) -> 0 | AA5: =IF(Z5=0,(2*Y5),(2*Y5+1)) -> 2 | AB5: =DEC2HEX(SUM((X5*slots_per_day_1phase)+AA5)*numberofbytes_tostore_1phase) -> 3774 | AC5: =DEC2HEX(SUM(HEX2DEC(LOAD_SURVEY_BASE_ADRESS),HEX2DEC(AB5))) -> 49F7 | AF5: =SUM(AF4+0) -> 21 | AG5: =SUM(AG4+1) -> 1 | AH5: =IF(AH4=30,0,30) -> 0 | AI5: =IF(AH5=0,(2*AG5),(2*AG5+1)) -> 2 | AJ5: =DEC2HEX(SUM((AF5*slots_per_day_1phase)+AI5)*numberofbytes_tostore_1phase) -> A5B4 | AK5: =DEC2HEX(SUM(HEX2DEC(LOAD_SURVEY_BASE_ADRESS),HEX2DEC(AJ5))) -> B837 | AN5: =SUM(AN4+0) -> 34 | AO5: =SUM(AO4+1) -> 1 | AP5: =IF(AP4=30,0,30) -> 0 | AQ5: =IF(AP5=0,(2*AO5),(2*AO5+1)) -> 2 | AR5: =DEC2HEX(SUM((AN5*slots_per_day_1phase)+AQ5)*numberofbytes_tostore_1phase) -> 10C14 | AS5: =DEC2HEX(SUM(HEX2DEC(LOAD_SURVEY_BASE_ADRESS),HEX2DEC(AR5))) -> 11E97 | AV5: 60 | AW5: =SUM(AW4+1) -> 1 | AX5: =IF(AX4=30,0,30) -> 0 | AY5: =IF(AX5=0,(2*AW5),(2*AW5+1)) -> 2 | AZ5: =DEC2HEX(SUM((AV5*slots_per_day_1phase)+AY5)*numberofbytes_tostore_1phase) -> 1D8D4 | BA5: =DEC2HEX(SUM(HEX2DEC(LOAD_SURVEY_BASE_ADRESS),HEX2DEC(AZ5))) -> 1EB57
B6: 0 | C6: =C5 -> 1 | D6: =IF(D5=30,0,30) -> 30 | E6: =SUM(E5+1) -> 3 | F6: =DEC2HEX(SUM((B6*slots_per_day_1phase)+E6)*numberofbytes_tostore_1phase) -> 7E | G6: =DEC2HEX(SUM(HEX2DEC(LOAD_SURVEY_BASE_ADRESS),HEX2DEC(F6))) -> 1301 | I6: 1 | J6: =J5 -> 1 | K6: =IF(K5=30,0,30) -> 30 | L6: =SUM(L5+1) -> 3 | M6: =DEC2HEX(SUM((I6*slots_per_day_1phase)+L6)*numberofbytes_tostore_1phase) -> 85E | N6: =DEC2HEX(SUM(HEX2DEC(LOAD_SURVEY_BASE_ADRESS),HEX2DEC(M6))) -> 1AE1 | P6: =SUM(P5+0) -> 2 | Q6: =Q5 -> 1 | R6: =IF(R5=30,0,30) -> 30 | S6: =SUM(S5+1) -> 3 | T6: =DEC2HEX(SUM((P6*slots_per_day_1phase)+S6)*numberofbytes_tostore_1phase) -> 103E | U6: =DEC2HEX(SUM(HEX2DEC(LOAD_SURVEY_BASE_ADRESS),HEX2DEC(T6))) -> 22C1 | X6: =SUM(X5+0) -> 7 | Y6: =Y5 -> 1 | Z6: =IF(Z5=30,0,30) -> 30 | AA6: =SUM(AA5+1) -> 3 | AB6: =DEC2HEX(SUM((X6*slots_per_day_1phase)+AA6)*numberofbytes_tostore_1phase) -> 379E | AC6: =DEC2HEX(SUM(HEX2DEC(LOAD_SURVEY_BASE_ADRESS),HEX2DEC(AB6))) -> 4A21 | AF6: =SUM(AF5+0) -> 21 | AG6: =AG5 -> 1 | AH6: =IF(AH5=30,0,30) -> 30 | AI6: =SUM(AI5+1) -> 3 | AJ6: =DEC2HEX(SUM((AF6*slots_per_day_1phase)+AI6)*numberofbytes_tostore_1phase) -> A5DE | AK6: =DEC2HEX(SUM(HEX2DEC(LOAD_SURVEY_BASE_ADRESS),HEX2DEC(AJ6))) -> B861 | AN6: =SUM(AN5+0) -> 34 | AO6: =AO5 -> 1 | AP6: =IF(AP5=30,0,30) -> 30 | AQ6: =SUM(AQ5+1) -> 3 | AR6: =DEC2HEX(SUM((AN6*slots_per_day_1phase)+AQ6)*numberofbytes_tostore_1phase) -> 10C3E | AS6: =DEC2HEX(SUM(HEX2DEC(LOAD_SURVEY_BASE_ADRESS),HEX2DEC(AR6))) -> 11EC1 | AV6: 60 | AW6: =AW5 -> 1 | AX6: =IF(AX5=30,0,30) -> 30 | AY6: =SUM(AY5+1) -> 3 | AZ6: =DEC2HEX(SUM((AV6*slots_per_day_1phase)+AY6)*numberofbytes_tostore_1phase) -> 1D8FE | BA6: =DEC2HEX(SUM(HEX2DEC(LOAD_SURVEY_BASE_ADRESS),HEX2DEC(AZ6))) -> 1EB81
B7: 0 | C7: =SUM(C5+1) -> 2 | D7: =IF(D6=30,0,30) -> 0 | E7: =SUM(E6+1) -> 4 | F7: =DEC2HEX(SUM((B7*slots_per_day_1phase)+E7)*numberofbytes_tostore_1phase) -> A8 | G7: =DEC2HEX(SUM(HEX2DEC(LOAD_SURVEY_BASE_ADRESS),HEX2DEC(F7))) -> 132B | I7: 1 | J7: =SUM(J5+1) -> 2 | K7: =IF(K6=30,0,30) -> 0 | L7: =SUM(L6+1) -> 4 | M7: =DEC2HEX(SUM((I7*slots_per_day_1phase)+L7)*numberofbytes_tostore_1phase) -> 888 | N7: =DEC2HEX(SUM(HEX2DEC(LOAD_SURVEY_BASE_ADRESS),HEX2DEC(M7))) -> 1B0B | P7: =SUM(P6+0) -> 2 | Q7: =SUM(Q5+1) -> 2 | R7: =IF(R6=30,0,30) -> 0 | S7: =SUM(S6+1) -> 4 | T7: =DEC2HEX(SUM((P7*slots_per_day_1phase)+S7)*numberofbytes_tostore_1phase) -> 1068 | U7: =DEC2HEX(SUM(HEX2DEC(LOAD_SURVEY_BASE_ADRESS),HEX2DEC(T7))) -> 22EB | X7: =SUM(X6+0) -> 7 | Y7: =SUM(Y5+1) -> 2 | Z7: =IF(Z6=30,0,30) -> 0 | AA7: =SUM(AA6+1) -> 4 | AB7: =DEC2HEX(SUM((X7*slots_per_day_1phase)+AA7)*numberofbytes_tostore_1phase) -> 37C8 | AC7: =DEC2HEX(SUM(HEX2DEC(LOAD_SURVEY_BASE_ADRESS),HEX2DEC(AB7))) -> 4A4B | AF7: =SUM(AF6+0) -> 21 | AG7: =SUM(AG5+1) -> 2 | AH7: =IF(AH6=30,0,30) -> 0 | AI7: =SUM(AI6+1) -> 4 | AJ7: =DEC2HEX(SUM((AF7*slots_per_day_1phase)+AI7)*numberofbytes_tostore_1phase) -> A608 | AK7: =DEC2HEX(SUM(HEX2DEC(LOAD_SURVEY_BASE_ADRESS),HEX2DEC(AJ7))) -> B88B | AN7: =SUM(AN6+0) -> 34 | AO7: =SUM(AO5+1) -> 2 | AP7: =IF(AP6=30,0,30) -> 0 | AQ7: =SUM(AQ6+1) -> 4 | AR7: =DEC2HEX(SUM((AN7*slots_per_day_1phase)+AQ7)*numberofbytes_tostore_1phase) -> 10C68 | AS7: =DEC2HEX(SUM(HEX2DEC(LOAD_SURVEY_BASE_ADRESS),HEX2DEC(AR7))) -> 11EEB | AV7: 60 | AW7: =SUM(AW5+1) -> 2 | AX7: =IF(AX6=30,0,30) -> 0 | AY7: =SUM(AY6+1) -> 4 | AZ7: =DEC2HEX(SUM((AV7*slots_per_day_1phase)+AY7)*numberofbytes_tostore_1phase) -> 1D928 | BA7: =DEC2HEX(SUM(HEX2DEC(LOAD_SURVEY_BASE_ADRESS),HEX2DEC(AZ7))) -> 1EBAB
B8: 0 | C8: =C7 -> 2 | D8: =IF(D7=30,0,30) -> 30 | E8: =SUM(E7+1) -> 5 | F8: =DEC2HEX(SUM((B8*slots_per_day_1phase)+E8)*numberofbytes_tostore_1phase) -> D2 | G8: =DEC2HEX(SUM(HEX2DEC(LOAD_SURVEY_BASE_ADRESS),HEX2DEC(F8))) -> 1355 | I8: 1 | J8: =J7 -> 2 | K8: =IF(K7=30,0,30) -> 30 | L8: =SUM(L7+1) -> 5 | M8: =DEC2HEX(SUM((I8*slots_per_day_1phase)+L8)*numberofbytes_tostore_1phase) -> 8B2 | N8: =DEC2HEX(SUM(HEX2DEC(LOAD_SURVEY_BASE_ADRESS),HEX2DEC(M8))) -> 1B35 | P8: =SUM(P7+0) -> 2 | Q8: =Q7 -> 2 | R8: =IF(R7=30,0,30) -> 30 | S8: =SUM(S7+1) -> 5 | T8: =DEC2HEX(SUM((P8*slots_per_day_1phase)+S8)*numberofbytes_tostore_1phase) -> 1092 | U8: =DEC2HEX(SUM(HEX2DEC(LOAD_SURVEY_BASE_ADRESS),HEX2DEC(T8))) -> 2315 | X8: =SUM(X7+0) -> 7 | Y8: =Y7 -> 2 | Z8: =IF(Z7=30,0,30) -> 30 | AA8: =SUM(AA7+1) -> 5 | AB8: =DEC2HEX(SUM((X8*slots_per_day_1phase)+AA8)*numberofbytes_tostore_1phase) -> 37F2 | AC8: =DEC2HEX(SUM(HEX2DEC(LOAD_SURVEY_BASE_ADRESS),HEX2DEC(AB8))) -> 4A75 | AF8: =SUM(AF7+0) -> 21 | AG8: =AG7 -> 2 | AH8: =IF(AH7=30,0,30) -> 30 | AI8: =SUM(AI7+1) -> 5 | AJ8: =DEC2HEX(SUM((AF8*slots_per_day_1phase)+AI8)*numberofbytes_tostore_1phase) -> A632 | AK8: =DEC2HEX(SUM(HEX2DEC(LOAD_SURVEY_BASE_ADRESS),HEX2DEC(AJ8))) -> B8B5 | AN8: =SUM(AN7+0) -> 34 | AO8: =AO7 -> 2 | AP8: =IF(AP7=30,0,30) -> 30 | AQ8: =SUM(AQ7+1) -> 5 | AR8: =DEC2HEX(SUM((AN8*slots_per_day_1phase)+AQ8)*numberofbytes_tostore_1phase) -> 10C92 | AS8: =DEC2HEX(SUM(HEX2DEC(LOAD_SURVEY_BASE_ADRESS),HEX2DEC(AR8))) -> 11F15 | AV8: 60 | AW8: =AW7 -> 2 | AX8: =IF(AX7=30,0,30) -> 30 | AY8: =SUM(AY7+1) -> 5 | AZ8: =DEC2HEX(SUM((AV8*slots_per_day_1phase)+AY8)*numberofbytes_tostore_1phase) -> 1D952 | BA8: =DEC2HEX(SUM(HEX2DEC(LOAD_SURVEY_BASE_ADRESS),HEX2DEC(AZ8))) -> 1EBD5
B9: 0 | C9: =SUM(C7+1) -> 3 | D9: =IF(D8=30,0,30) -> 0 | E9: =SUM(E8+1) -> 6 | F9: =DEC2HEX(SUM((B9*slots_per_day_1phase)+E9)*numberofbytes_tostore_1phase) -> FC | G9: =DEC2HEX(SUM(HEX2DEC(LOAD_SURVEY_BASE_ADRESS),HEX2DEC(F9))) -> 137F | I9: 1 | J9: =SUM(J7+1) -> 3 | K9: =IF(K8=30,0,30) -> 0 | L9: =SUM(L8+1) -> 6 | M9: =DEC2HEX(SUM((I9*slots_per_day_1phase)+L9)*numberofbytes_tostore_1phase) -> 8DC | N9: =DEC2HEX(SUM(HEX2DEC(LOAD_SURVEY_BASE_ADRESS),HEX2DEC(M9))) -> 1B5F | P9: =SUM(P8+0) -> 2 | Q9: =SUM(Q7+1) -> 3 | R9: =IF(R8=30,0,30) -> 0 | S9: =SUM(S8+1) -> 6 | T9: =DEC2HEX(SUM((P9*slots_per_day_1phase)+S9)*numberofbytes_tostore_1phase) -> 10BC | U9: =DEC2HEX(SUM(HEX2DEC(LOAD_SURVEY_BASE_ADRESS),HEX2DEC(T9))) -> 233F | X9: =SUM(X8+0) -> 7 | Y9: =SUM(Y7+1) -> 3 | Z9: =IF(Z8=30,0,30) -> 0 | AA9: =SUM(AA8+1) -> 6 | AB9: =DEC2HEX(SUM((X9*slots_per_day_1phase)+AA9)*numberofbytes_tostore_1phase) -> 381C | AC9: =DEC2HEX(SUM(HEX2DEC(LOAD_SURVEY_BASE_ADRESS),HEX2DEC(AB9))) -> 4A9F | AF9: =SUM(AF8+0) -> 21 | AG9: =SUM(AG7+1) -> 3 | AH9: =IF(AH8=30,0,30) -> 0 | AI9: =SUM(AI8+1) -> 6 | AJ9: =DEC2HEX(SUM((AF9*slots_per_day_1phase)+AI9)*numberofbytes_tostore_1phase) -> A65C | AK9: =DEC2HEX(SUM(HEX2DEC(LOAD_SURVEY_BASE_ADRESS),HEX2DEC(AJ9))) -> B8DF | AN9: =SUM(AN8+0) -> 34 | AO9: =SUM(AO7+1) -> 3 | AP9: =IF(AP8=30,0,30) -> 0 | AQ9: =SUM(AQ8+1) -> 6 | AR9: =DEC2HEX(SUM((AN9*slots_per_day_1phase)+AQ9)*numberofbytes_tostore_1phase) -> 10CBC | AS9: =DEC2HEX(SUM(HEX2DEC(LOAD_SURVEY_BASE_ADRESS),HEX2DEC(AR9))) -> 11F3F | AV9: 60 | AW9: =SUM(AW7+1) -> 3 | AX9: =IF(AX8=30,0,30) -> 0 | AY9: =SUM(AY8+1) -> 6 | AZ9: =DEC2HEX(SUM((AV9*slots_per_day_1phase)+AY9)*numberofbytes_tostore_1phase) -> 1D97C | BA9: =DEC2HEX(SUM(HEX2DEC(LOAD_SURVEY_BASE_ADRESS),HEX2DEC(AZ9))) -> 1EBFF
B10: 0 | C10: =C9 -> 3 | D10: =IF(D9=30,0,30) -> 30 | E10: =SUM(E9+1) -> 7 | F10: =DEC2HEX(SUM((B10*slots_per_day_1phase)+E10)*numberofbytes_tostore_1phase) -> 126 | G10: =DEC2HEX(SUM(HEX2DEC(LOAD_SURVEY_BASE_ADRESS),HEX2DEC(F10))) -> 13A9 | I10: 1 | J10: =J9 -> 3 | K10: =IF(K9=30,0,30) -> 30 | L10: =SUM(L9+1) -> 7 | M10: =DEC2HEX(SUM((I10*slots_per_day_1phase)+L10)*numberofbytes_tostore_1phase) -> 906 | N10: =DEC2HEX(SUM(HEX2DEC(LOAD_SURVEY_BASE_ADRESS),HEX2DEC(M10))) -> 1B89 | P10: =SUM(P9+0) -> 2 | Q10: =Q9 -> 3 | R10: =IF(R9=30,0,30) -> 30 | S10: =SUM(S9+1) -> 7 | T10: =DEC2HEX(SUM((P10*slots_per_day_1phase)+S10)*numberofbytes_tostore_1phase) -> 10E6 | U10: =DEC2HEX(SUM(HEX2DEC(LOAD_SURVEY_BASE_ADRESS),HEX2DEC(T10))) -> 2369 | X10: =SUM(X9+0) -> 7 | Y10: =Y9 -> 3 | Z10: =IF(Z9=30,0,30) -> 30 | AA10: =SUM(AA9+1) -> 7 | AB10: =DEC2HEX(SUM((X10*slots_per_day_1phase)+AA10)*numberofbytes_tostore_1phase) -> 3846 | AC10: =DEC2HEX(SUM(HEX2DEC(LOAD_SURVEY_BASE_ADRESS),HEX2DEC(AB10))) -> 4AC9 | AF10: =SUM(AF9+0) -> 21 | AG10: =AG9 -> 3 | AH10: =IF(AH9=30,0,30) -> 30 | AI10: =SUM(AI9+1) -> 7 | AJ10: =DEC2HEX(SUM((AF10*slots_per_day_1phase)+AI10)*numberofbytes_tostore_1phase) -> A686 | AK10: =DEC2HEX(SUM(HEX2DEC(LOAD_SURVEY_BASE_ADRESS),HEX2DEC(AJ10))) -> B909 | AN10: =SUM(AN9+0) -> 34 | AO10: =AO9 -> 3 | AP10: =IF(AP9=30,0,30) -> 30 | AQ10: =SUM(AQ9+1) -> 7 | AR10: =DEC2HEX(SUM((AN10*slots_per_day_1phase)+AQ10)*numberofbytes_tostore_1phase) -> 10CE6 | AS10: =DEC2HEX(SUM(HEX2DEC(LOAD_SURVEY_BASE_ADRESS),HEX2DEC(AR10))) -> 11F69 | AV10: 60 | AW10: =AW9 -> 3 | AX10: =IF(AX9=30,0,30) -> 30 | AY10: =SUM(AY9+1) -> 7 | AZ10: =DEC2HEX(SUM((AV10*slots_per_day_1phase)+AY10)*numberofbytes_tostore_1phase) -> 1D9A6 | BA10: =DEC2HEX(SUM(HEX2DEC(LOAD_SURVEY_BASE_ADRESS),HEX2DEC(AZ10))) -> 1EC29
B11: 0 | C11: =SUM(C9+1) -> 4 | D11: =IF(D10=30,0,30) -> 0 | E11: =SUM(E10+1) -> 8 | F11: =DEC2HEX(SUM((B11*slots_per_day_1phase)+E11)*numberofbytes_tostore_1phase) -> 150 | G11: =DEC2HEX(SUM(HEX2DEC(LOAD_SURVEY_BASE_ADRESS),HEX2DEC(F11))) -> 13D3 | I11: 1 | J11: =SUM(J9+1) -> 4 | K11: =IF(K10=30,0,30) -> 0 | L11: =SUM(L10+1) -> 8 | M11: =DEC2HEX(SUM((I11*slots_per_day_1phase)+L11)*numberofbytes_tostore_1phase) -> 930 | N11: =DEC2HEX(SUM(HEX2DEC(LOAD_SURVEY_BASE_ADRESS),HEX2DEC(M11))) -> 1BB3 | P11: =SUM(P10+0) -> 2 | Q11: =SUM(Q9+1) -> 4 | R11: =IF(R10=30,0,30) -> 0 | S11: =SUM(S10+1) -> 8 | T11: =DEC2HEX(SUM((P11*slots_per_day_1phase)+S11)*numberofbytes_tostore_1phase) -> 1110 | U11: =DEC2HEX(SUM(HEX2DEC(LOAD_SURVEY_BASE_ADRESS),HEX2DEC(T11))) -> 2393 | X11: =SUM(X10+0) -> 7 | Y11: =SUM(Y9+1) -> 4 | Z11: =IF(Z10=30,0,30) -> 0 | AA11: =SUM(AA10+1) -> 8 | AB11: =DEC2HEX(SUM((X11*slots_per_day_1phase)+AA11)*numberofbytes_tostore_1phase) -> 3870 | AC11: =DEC2HEX(SUM(HEX2DEC(LOAD_SURVEY_BASE_ADRESS),HEX2DEC(AB11))) -> 4AF3 | AF11: =SUM(AF10+0) -> 21 | AG11: =SUM(AG9+1) -> 4 | AH11: =IF(AH10=30,0,30) -> 0 | AI11: =SUM(AI10+1) -> 8 | AJ11: =DEC2HEX(SUM((AF11*slots_per_day_1phase)+AI11)*numberofbytes_tostore_1phase) -> A6B0 | AK11: =DEC2HEX(SUM(HEX2DEC(LOAD_SURVEY_BASE_ADRESS),HEX2DEC(AJ11))) -> B933 | AN11: =SUM(AN10+0) -> 34 | AO11: =SUM(AO9+1) -> 4 | AP11: =IF(AP10=30,0,30) -> 0 | AQ11: =SUM(AQ10+1) -> 8 | AR11: =DEC2HEX(SUM((AN11*slots_per_day_1phase)+AQ11)*numberofbytes_tostore_1phase) -> 10D10 | AS11: =DEC2HEX(SUM(HEX2DEC(LOAD_SURVEY_BASE_ADRESS),HEX2DEC(AR11))) -> 11F93 | AV11: 60 | AW11: =SUM(AW9+1) -> 4 | AX11: =IF(AX10=30,0,30) -> 0 | AY11: =SUM(AY10+1) -> 8 | AZ11: =DEC2HEX(SUM((AV11*slots_per_day_1phase)+AY11)*numberofbytes_tostore_1phase) -> 1D9D0 | BA11: =DEC2HEX(SUM(HEX2DEC(LOAD_SURVEY_BASE_ADRESS),HEX2DEC(AZ11))) -> 1EC53
B12: 0 | C12: =C11 -> 4 | D12: =IF(D11=30,0,30) -> 30 | E12: =SUM(E11+1) -> 9 | F12: =DEC2HEX(SUM((B12*slots_per_day_1phase)+E12)*numberofbytes_tostore_1phase) -> 17A | G12: =DEC2HEX(SUM(HEX2DEC(LOAD_SURVEY_BASE_ADRESS),HEX2DEC(F12))) -> 13FD | I12: 1 | J12: =J11 -> 4 | K12: =IF(K11=30,0,30) -> 30 | L12: =SUM(L11+1) -> 9 | M12: =DEC2HEX(SUM((I12*slots_per_day_1phase)+L12)*numberofbytes_tostore_1phase) -> 95A | N12: =DEC2HEX(SUM(HEX2DEC(LOAD_SURVEY_BASE_ADRESS),HEX2DEC(M12))) -> 1BDD | P12: =SUM(P11+0) -> 2 | Q12: =Q11 -> 4 | R12: =IF(R11=30,0,30) -> 30 | S12: =SUM(S11+1) -> 9 | T12: =DEC2HEX(SUM((P12*slots_per_day_1phase)+S12)*numberofbytes_tostore_1phase) -> 113A | U12: =DEC2HEX(SUM(HEX2DEC(LOAD_SURVEY_BASE_ADRESS),HEX2DEC(T12))) -> 23BD | X12: =SUM(X11+0) -> 7 | Y12: =Y11 -> 4 | Z12: =IF(Z11=30,0,30) -> 30 | AA12: =SUM(AA11+1) -> 9 | AB12: =DEC2HEX(SUM((X12*slots_per_day_1phase)+AA12)*numberofbytes_tostore_1phase) -> 389A | AC12: =DEC2HEX(SUM(HEX2DEC(LOAD_SURVEY_BASE_ADRESS),HEX2DEC(AB12))) -> 4B1D | AF12: =SUM(AF11+0) -> 21 | AG12: =AG11 -> 4 | AH12: =IF(AH11=30,0,30) -> 30 | AI12: =SUM(AI11+1) -> 9 | AJ12: =DEC2HEX(SUM((AF12*slots_per_day_1phase)+AI12)*numberofbytes_tostore_1phase) -> A6DA | AK12: =DEC2HEX(SUM(HEX2DEC(LOAD_SURVEY_BASE_ADRESS),HEX2DEC(AJ12))) -> B95D | AN12: =SUM(AN11+0) -> 34 | AO12: =AO11 -> 4 | AP12: =IF(AP11=30,0,30) -> 30 | AQ12: =SUM(AQ11+1) -> 9 | AR12: =DEC2HEX(SUM((AN12*slots_per_day_1phase)+AQ12)*numberofbytes_tostore_1phase) -> 10D3A | AS12: =DEC2HEX(SUM(HEX2DEC(LOAD_SURVEY_BASE_ADRESS),HEX2DEC(AR12))) -> 11FBD | AV12: 60 | AW12: =AW11 -> 4 | AX12: =IF(AX11=30,0,30) -> 30 | AY12: =SUM(AY11+1) -> 9 | AZ12: =DEC2HEX(SUM((AV12*slots_per_day_1phase)+AY12)*numberofbytes_tostore_1phase) -> 1D9FA | BA12: =DEC2HEX(SUM(HEX2DEC(LOAD_SURVEY_BASE_ADRESS),HEX2DEC(AZ12))) -> 1EC7D
B13: 0 | C13: =SUM(C11+1) -> 5 | D13: =IF(D12=30,0,30) -> 0 | E13: =SUM(E12+1) -> 10 | F13: =DEC2HEX(SUM((B13*slots_per_day_1phase)+E13)*numberofbytes_tostore_1phase) -> 1A4 | G13: =DEC2HEX(SUM(HEX2DEC(LOAD_SURVEY_BASE_ADRESS),HEX2DEC(F13))) -> 1427 | I13: 1 | J13: =SUM(J11+1) -> 5 | K13: =IF(K12=30,0,30) -> 0 | L13: =SUM(L12+1) -> 10 | M13: =DEC2HEX(SUM((I13*slots_per_day_1phase)+L13)*numberofbytes_tostore_1phase) -> 984 | N13: =DEC2HEX(SUM(HEX2DEC(LOAD_SURVEY_BASE_ADRESS),HEX2DEC(M13))) -> 1C07 | P13: =SUM(P12+0) -> 2 | Q13: =SUM(Q11+1) -> 5 | R13: =IF(R12=30,0,30) -> 0 | S13: =SUM(S12+1) -> 10 | T13: =DEC2HEX(SUM((P13*slots_per_day_1phase)+S13)*numberofbytes_tostore_1phase) -> 1164 | U13: =DEC2HEX(SUM(HEX2DEC(LOAD_SURVEY_BASE_ADRESS),HEX2DEC(T13))) -> 23E7 | X13: =SUM(X12+0) -> 7 | Y13: =SUM(Y11+1) -> 5 | Z13: =IF(Z12=30,0,30) -> 0 | AA13: =SUM(AA12+1) -> 10 | AB13: =DEC2HEX(SUM((X13*slots_per_day_1phase)+AA13)*numberofbytes_tostore_1phase) -> 38C4 | AC13: =DEC2HEX(SUM(HEX2DEC(LOAD_SURVEY_BASE_ADRESS),HEX2DEC(AB13))) -> 4B47 | AF13: =SUM(AF12+0) -> 21 | AG13: =SUM(AG11+1) -> 5 | AH13: =IF(AH12=30,0,30) -> 0 | AI13: =SUM(AI12+1) -> 10 | AJ13: =DEC2HEX(SUM((AF13*slots_per_day_1phase)+AI13)*numberofbytes_tostore_1phase) -> A704 | AK13: =DEC2HEX(SUM(HEX2DEC(LOAD_SURVEY_BASE_ADRESS),HEX2DEC(AJ13))) -> B987 | AN13: =SUM(AN12+0) -> 34 | AO13: =SUM(AO11+1) -> 5 | AP13: =IF(AP12=30,0,30) -> 0 | AQ13: =SUM(AQ12+1) -> 10 | AR13: =DEC2HEX(SUM((AN13*slots_per_day_1phase)+AQ13)*numberofbytes_tostore_1phase) -> 10D64 | AS13: =DEC2HEX(SUM(HEX2DEC(LOAD_SURVEY_BASE_ADRESS),HEX2DEC(AR13))) -> 11FE7 | AV13: 60 | AW13: =SUM(AW11+1) -> 5 | AX13: =IF(AX12=30,0,30) -> 0 | AY13: =SUM(AY12+1) -> 10 | AZ13: =DEC2HEX(SUM((AV13*slots_per_day_1phase)+AY13)*numberofbytes_tostore_1phase) -> 1DA24 | BA13: =DEC2HEX(SUM(HEX2DEC(LOAD_SURVEY_BASE_ADRESS),HEX2DEC(AZ13))) -> 1ECA7
B14: 0 | C14: =C13 -> 5 | D14: =IF(D13=30,0,30) -> 30 | E14: =SUM(E13+1) -> 11 | F14: =DEC2HEX(SUM((B14*slots_per_day_1phase)+E14)*numberofbytes_tostore_1phase) -> 1CE | G14: =DEC2HEX(SUM(HEX2DEC(LOAD_SURVEY_BASE_ADRESS),HEX2DEC(F14))) -> 1451 | I14: 1 | J14: =J13 -> 5 | K14: =IF(K13=30,0,30) -> 30 | L14: =SUM(L13+1) -> 11 | M14: =DEC2HEX(SUM((I14*slots_per_day_1phase)+L14)*numberofbytes_tostore_1phase) -> 9AE | N14: =DEC2HEX(SUM(HEX2DEC(LOAD_SURVEY_BASE_ADRESS),HEX2DEC(M14))) -> 1C31 | P14: =SUM(P13+0) -> 2 | Q14: =Q13 -> 5 | R14: =IF(R13=30,0,30) -> 30 | S14: =SUM(S13+1) -> 11 | T14: =DEC2HEX(SUM((P14*slots_per_day_1phase)+S14)*numberofbytes_tostore_1phase) -> 118E | U14: =DEC2HEX(SUM(HEX2DEC(LOAD_SURVEY_BASE_ADRESS),HEX2DEC(T14))) -> 2411 | X14: =SUM(X13+0) -> 7 | Y14: =Y13 -> 5 | Z14: =IF(Z13=30,0,30) -> 30 | AA14: =SUM(AA13+1) -> 11 | AB14: =DEC2HEX(SUM((X14*slots_per_day_1phase)+AA14)*numberofbytes_tostore_1phase) -> 38EE | AC14: =DEC2HEX(SUM(HEX2DEC(LOAD_SURVEY_BASE_ADRESS),HEX2DEC(AB14))) -> 4B71 | AF14: =SUM(AF13+0) -> 21 | AG14: =AG13 -> 5 | AH14: =IF(AH13=30,0,30) -> 30 | AI14: =SUM(AI13+1) -> 11 | AJ14: =DEC2HEX(SUM((AF14*slots_per_day_1phase)+AI14)*numberofbytes_tostore_1phase) -> A72E | AK14: =DEC2HEX(SUM(HEX2DEC(LOAD_SURVEY_BASE_ADRESS),HEX2DEC(AJ14))) -> B9B1 | AN14: =SUM(AN13+0) -> 34 | AO14: =AO13 -> 5 | AP14: =IF(AP13=30,0,30) -> 30 | AQ14: =SUM(AQ13+1) -> 11 | AR14: =DEC2HEX(SUM((AN14*slots_per_day_1phase)+AQ14)*numberofbytes_tostore_1phase) -> 10D8E | AS14: =DEC2HEX(SUM(HEX2DEC(LOAD_SURVEY_BASE_ADRESS),HEX2DEC(AR14))) -> 12011 | AV14: 60 | AW14: =AW13 -> 5 | AX14: =IF(AX13=30,0,30) -> 30 | AY14: =SUM(AY13+1) -> 11 | AZ14: =DEC2HEX(SUM((AV14*slots_per_day_1phase)+AY14)*numberofbytes_tostore_1phase) -> 1DA4E | BA14: =DEC2HEX(SUM(HEX2DEC(LOAD_SURVEY_BASE_ADRESS),HEX2DEC(AZ14))) -> 1ECD1
B15: 0 | C15: =SUM(C13+1) -> 6 | D15: =IF(D14=30,0,30) -> 0 | E15: =SUM(E14+1) -> 12 | F15: =DEC2HEX(SUM((B15*slots_per_day_1phase)+E15)*numberofbytes_tostore_1phase) -> 1F8 | G15: =DEC2HEX(SUM(HEX2DEC(LOAD_SURVEY_BASE_ADRESS),HEX2DEC(F15))) -> 147B | I15: 1 | J15: =SUM(J13+1) -> 6 | K15: =IF(K14=30,0,30) -> 0 | L15: =SUM(L14+1) -> 12 | M15: =DEC2HEX(SUM((I15*slots_per_day_1phase)+L15)*numberofbytes_tostore_1phase) -> 9D8 | N15: =DEC2HEX(SUM(HEX2DEC(LOAD_SURVEY_BASE_ADRESS),HEX2DEC(M15))) -> 1C5B | P15: =SUM(P14+0) -> 2 | Q15: =SUM(Q13+1) -> 6 | R15: =IF(R14=30,0,30) -> 0 | S15: =SUM(S14+1) -> 12 | T15: =DEC2HEX(SUM((P15*slots_per_day_1phase)+S15)*numberofbytes_tostore_1phase) -> 11B8 | U15: =DEC2HEX(SUM(HEX2DEC(LOAD_SURVEY_BASE_ADRESS),HEX2DEC(T15))) -> 243B | X15: =SUM(X14+0) -> 7 | Y15: =SUM(Y13+1) -> 6 | Z15: =IF(Z14=30,0,30) -> 0 | AA15: =SUM(AA14+1) -> 12 | AB15: =DEC2HEX(SUM((X15*slots_per_day_1phase)+AA15)*numberofbytes_tostore_1phase) -> 3918 | AC15: =DEC2HEX(SUM(HEX2DEC(LOAD_SURVEY_BASE_ADRESS),HEX2DEC(AB15))) -> 4B9B | AF15: =SUM(AF14+0) -> 21 | AG15: =SUM(AG13+1) -> 6 | AH15: =IF(AH14=30,0,30) -> 0 | AI15: =SUM(AI14+1) -> 12 | AJ15: =DEC2HEX(SUM((AF15*slots_per_day_1phase)+AI15)*numberofbytes_tostore_1phase) -> A758 | AK15: =DEC2HEX(SUM(HEX2DEC(LOAD_SURVEY_BASE_ADRESS),HEX2DEC(AJ15))) -> B9DB | AN15: =SUM(AN14+0) -> 34 | AO15: =SUM(AO13+1) -> 6 | AP15: =IF(AP14=30,0,30) -> 0 | AQ15: =SUM(AQ14+1) -> 12 | AR15: =DEC2HEX(SUM((AN15*slots_per_day_1phase)+AQ15)*numberofbytes_tostore_1phase) -> 10DB8 | AS15: =DEC2HEX(SUM(HEX2DEC(LOAD_SURVEY_BASE_ADRESS),HEX2DEC(AR15))) -> 1203B | AV15: 60 | AW15: =SUM(AW13+1) -> 6 | AX15: =IF(AX14=30,0,30) -> 0 | AY15: =SUM(AY14+1) -> 12 | AZ15: =DEC2HEX(SUM((AV15*slots_per_day_1phase)+AY15)*numberofbytes_tostore_1phase) -> 1DA78 | BA15: =DEC2HEX(SUM(HEX2DEC(LOAD_SURVEY_BASE_ADRESS),HEX2DEC(AZ15))) -> 1ECFB
B16: 0 | C16: =C15 -> 6 | D16: =IF(D15=30,0,30) -> 30 | E16: =SUM(E15+1) -> 13 | F16: =DEC2HEX(SUM((B16*slots_per_day_1phase)+E16)*numberofbytes_tostore_1phase) -> 222 | G16: =DEC2HEX(SUM(HEX2DEC(LOAD_SURVEY_BASE_ADRESS),HEX2DEC(F16))) -> 14A5 | I16: 1 | J16: =J15 -> 6 | K16: =IF(K15=30,0,30) -> 30 | L16: =SUM(L15+1) -> 13 | M16: =DEC2HEX(SUM((I16*slots_per_day_1phase)+L16)*numberofbytes_tostore_1phase) -> A02 | N16: =DEC2HEX(SUM(HEX2DEC(LOAD_SURVEY_BASE_ADRESS),HEX2DEC(M16))) -> 1C85 | P16: =SUM(P15+0) -> 2 | Q16: =Q15 -> 6 | R16: =IF(R15=30,0,30) -> 30 | S16: =SUM(S15+1) -> 13 | T16: =DEC2HEX(SUM((P16*slots_per_day_1phase)+S16)*numberofbytes_tostore_1phase) -> 11E2 | U16: =DEC2HEX(SUM(HEX2DEC(LOAD_SURVEY_BASE_ADRESS),HEX2DEC(T16))) -> 2465 | X16: =SUM(X15+0) -> 7 | Y16: =Y15 -> 6 | Z16: =IF(Z15=30,0,30) -> 30 | AA16: =SUM(AA15+1) -> 13 | AB16: =DEC2HEX(SUM((X16*slots_per_day_1phase)+AA16)*numberofbytes_tostore_1phase) -> 3942 | AC16: =DEC2HEX(SUM(HEX2DEC(LOAD_SURVEY_BASE_ADRESS),HEX2DEC(AB16))) -> 4BC5 | AF16: =SUM(AF15+0) -> 21 | AG16: =AG15 -> 6 | AH16: =IF(AH15=30,0,30) -> 30 | AI16: =SUM(AI15+1) -> 13 | AJ16: =DEC2HEX(SUM((AF16*slots_per_day_1phase)+AI16)*numberofbytes_tostore_1phase) -> A782 | AK16: =DEC2HEX(SUM(HEX2DEC(LOAD_SURVEY_BASE_ADRESS),HEX2DEC(AJ16))) -> BA05 | AN16: =SUM(AN15+0) -> 34 | AO16: =AO15 -> 6 | AP16: =IF(AP15=30,0,30) -> 30 | AQ16: =SUM(AQ15+1) -> 13 | AR16: =DEC2HEX(SUM((AN16*slots_per_day_1phase)+AQ16)*numberofbytes_tostore_1phase) -> 10DE2 | AS16: =DEC2HEX(SUM(HEX2DEC(LOAD_SURVEY_BASE_ADRESS),HEX2DEC(AR16))) -> 12065 | AV16: 60 | AW16: =AW15 -> 6 | AX16: =IF(AX15=30,0,30) -> 30 | AY16: =SUM(AY15+1) -> 13 | AZ16: =DEC2HEX(SUM((AV16*slots_per_day_1phase)+AY16)*numberofbytes_tostore_1phase) -> 1DAA2 | BA16: =DEC2HEX(SUM(HEX2DEC(LOAD_SURVEY_BASE_ADRESS),HEX2DEC(AZ16))) -> 1ED25
B17: 0 | C17: =SUM(C15+1) -> 7 | D17: =IF(D16=30,0,30) -> 0 | E17: =SUM(E16+1) -> 14 | F17: =DEC2HEX(SUM((B17*slots_per_day_1phase)+E17)*numberofbytes_tostore_1phase) -> 24C | G17: =DEC2HEX(SUM(HEX2DEC(LOAD_SURVEY_BASE_ADRESS),HEX2DEC(F17))) -> 14CF | I17: 1 | J17: =SUM(J15+1) -> 7 | K17: =IF(K16=30,0,30) -> 0 | L17: =SUM(L16+1) -> 14 | M17: =DEC2HEX(SUM((I17*slots_per_day_1phase)+L17)*numberofbytes_tostore_1phase) -> A2C | N17: =DEC2HEX(SUM(HEX2DEC(LOAD_SURVEY_BASE_ADRESS),HEX2DEC(M17))) -> 1CAF | P17: =SUM(P16+0) -> 2 | Q17: =SUM(Q15+1) -> 7 | R17: =IF(R16=30,0,30) -> 0 | S17: =SUM(S16+1) -> 14 | T17: =DEC2HEX(SUM((P17*slots_per_day_1phase)+S17)*numberofbytes_tostore_1phase) -> 120C | U17: =DEC2HEX(SUM(HEX2DEC(LOAD_SURVEY_BASE_ADRESS),HEX2DEC(T17))) -> 248F | X17: =SUM(X16+0) -> 7 | Y17: =SUM(Y15+1) -> 7 | Z17: =IF(Z16=30,0,30) -> 0 | AA17: =SUM(AA16+1) -> 14 | AB17: =DEC2HEX(SUM((X17*slots_per_day_1phase)+AA17)*numberofbytes_tostore_1phase) -> 396C | AC17: =DEC2HEX(SUM(HEX2DEC(LOAD_SURVEY_BASE_ADRESS),HEX2DEC(AB17))) -> 4BEF | AF17: =SUM(AF16+0) -> 21 | AG17: =SUM(AG15+1) -> 7 | AH17: =IF(AH16=30,0,30) -> 0 | AI17: =SUM(AI16+1) -> 14 | AJ17: =DEC2HEX(SUM((AF17*slots_per_day_1phase)+AI17)*numberofbytes_tostore_1phase) -> A7AC | AK17: =DEC2HEX(SUM(HEX2DEC(LOAD_SURVEY_BASE_ADRESS),HEX2DEC(AJ17))) -> BA2F | AN17: =SUM(AN16+0) -> 34 | AO17: =SUM(AO15+1) -> 7 | AP17: =IF(AP16=30,0,30) -> 0 | AQ17: =SUM(AQ16+1) -> 14 | AR17: =DEC2HEX(SUM((AN17*slots_per_day_1phase)+AQ17)*numberofbytes_tostore_1phase) -> 10E0C | AS17: =DEC2HEX(SUM(HEX2DEC(LOAD_SURVEY_BASE_ADRESS),HEX2DEC(AR17))) -> 1208F | AV17: 60 | AW17: =SUM(AW15+1) -> 7 | AX17: =IF(AX16=30,0,30) -> 0 | AY17: =SUM(AY16+1) -> 14 | AZ17: =DEC2HEX(SUM((AV17*slots_per_day_1phase)+AY17)*numberofbytes_tostore_1phase) -> 1DACC | BA17: =DEC2HEX(SUM(HEX2DEC(LOAD_SURVEY_BASE_ADRESS),HEX2DEC(AZ17))) -> 1ED4F
B18: 0 | C18: =C17 -> 7 | D18: =IF(D17=30,0,30) -> 30 | E18: =SUM(E17+1) -> 15 | F18: =DEC2HEX(SUM((B18*slots_per_day_1phase)+E18)*numberofbytes_tostore_1phase) -> 276 | G18: =DEC2HEX(SUM(HEX2DEC(LOAD_SURVEY_BASE_ADRESS),HEX2DEC(F18))) -> 14F9 | I18: 1 | J18: =J17 -> 7 | K18: =IF(K17=30,0,30) -> 30 | L18: =SUM(L17+1) -> 15 | M18: =DEC2HEX(SUM((I18*slots_per_day_1phase)+L18)*numberofbytes_tostore_1phase) -> A56 | N18: =DEC2HEX(SUM(HEX2DEC(LOAD_SURVEY_BASE_ADRESS),HEX2DEC(M18))) -> 1CD9 | P18: =SUM(P17+0) -> 2 | Q18: =Q17 -> 7 | R18: =IF(R17=30,0,30) -> 30 | S18: =SUM(S17+1) -> 15 | T18: =DEC2HEX(SUM((P18*slots_per_day_1phase)+S18)*numberofbytes_tostore_1phase) -> 1236 | U18: =DEC2HEX(SUM(HEX2DEC(LOAD_SURVEY_BASE_ADRESS),HEX2DEC(T18))) -> 24B9 | X18: =SUM(X17+0) -> 7 | Y18: =Y17 -> 7 | Z18: =IF(Z17=30,0,30) -> 30 | AA18: =SUM(AA17+1) -> 15 | AB18: =DEC2HEX(SUM((X18*slots_per_day_1phase)+AA18)*numberofbytes_tostore_1phase) -> 3996 | AC18: =DEC2HEX(SUM(HEX2DEC(LOAD_SURVEY_BASE_ADRESS),HEX2DEC(AB18))) -> 4C19 | AF18: =SUM(AF17+0) -> 21 | AG18: =AG17 -> 7 | AH18: =IF(AH17=30,0,30) -> 30 | AI18: =SUM(AI17+1) -> 15 | AJ18: =DEC2HEX(SUM((AF18*slots_per_day_1phase)+AI18)*numberofbytes_tostore_1phase) -> A7D6 | AK18: =DEC2HEX(SUM(HEX2DEC(LOAD_SURVEY_BASE_ADRESS),HEX2DEC(AJ18))) -> BA59 | AN18: =SUM(AN17+0) -> 34 | AO18: =AO17 -> 7 | AP18: =IF(AP17=30,0,30) -> 30 | AQ18: =SUM(AQ17+1) -> 15 | AR18: =DEC2HEX(SUM((AN18*slots_per_day_1phase)+AQ18)*numberofbytes_tostore_1phase) -> 10E36 | AS18: =DEC2HEX(SUM(HEX2DEC(LOAD_SURVEY_BASE_ADRESS),HEX2DEC(AR18))) -> 120B9 | AV18: 60 | AW18: =AW17 -> 7 | AX18: =IF(AX17=30,0,30) -> 30 | AY18: =SUM(AY17+1) -> 15 | AZ18: =DEC2HEX(SUM((AV18*slots_per_day_1phase)+AY18)*numberofbytes_tostore_1phase) -> 1DAF6 | BA18: =DEC2HEX(SUM(HEX2DEC(LOAD_SURVEY_BASE_ADRESS),HEX2DEC(AZ18))) -> 1ED79
B19: 0 | C19: =SUM(C17+1) -> 8 | D19: =IF(D18=30,0,30) -> 0 | E19: =SUM(E18+1) -> 16 | F19: =DEC2HEX(SUM((B19*slots_per_day_1phase)+E19)*numberofbytes_tostore_1phase) -> 2A0 | G19: =DEC2HEX(SUM(HEX2DEC(LOAD_SURVEY_BASE_ADRESS),HEX2DEC(F19))) -> 1523 | I19: 1 | J19: =SUM(J17+1) -> 8 | K19: =IF(K18=30,0,30) -> 0 | L19: =SUM(L18+1) -> 16 | M19: =DEC2HEX(SUM((I19*slots_per_day_1phase)+L19)*numberofbytes_tostore_1phase) -> A80 | N19: =DEC2HEX(SUM(HEX2DEC(LOAD_SURVEY_BASE_ADRESS),HEX2DEC(M19))) -> 1D03 | P19: =SUM(P18+0) -> 2 | Q19: =SUM(Q17+1) -> 8 | R19: =IF(R18=30,0,30) -> 0 | S19: =SUM(S18+1) -> 16 | T19: =DEC2HEX(SUM((P19*slots_per_day_1phase)+S19)*numberofbytes_tostore_1phase) -> 1260 | U19: =DEC2HEX(SUM(HEX2DEC(LOAD_SURVEY_BASE_ADRESS),HEX2DEC(T19))) -> 24E3 | X19: =SUM(X18+0) -> 7 | Y19: =SUM(Y17+1) -> 8 | Z19: =IF(Z18=30,0,30) -> 0 | AA19: =SUM(AA18+1) -> 16 | AB19: =DEC2HEX(SUM((X19*slots_per_day_1phase)+AA19)*numberofbytes_tostore_1phase) -> 39C0 | AC19: =DEC2HEX(SUM(HEX2DEC(LOAD_SURVEY_BASE_ADRESS),HEX2DEC(AB19))) -> 4C43 | AF19: =SUM(AF18+0) -> 21 | AG19: =SUM(AG17+1) -> 8 | AH19: =IF(AH18=30,0,30) -> 0 | AI19: =SUM(AI18+1) -> 16 | AJ19: =DEC2HEX(SUM((AF19*slots_per_day_1phase)+AI19)*numberofbytes_tostore_1phase) -> A800 | AK19: =DEC2HEX(SUM(HEX2DEC(LOAD_SURVEY_BASE_ADRESS),HEX2DEC(AJ19))) -> BA83 | AN19: =SUM(AN18+0) -> 34 | AO19: =SUM(AO17+1) -> 8 | AP19: =IF(AP18=30,0,30) -> 0 | AQ19: =SUM(AQ18+1) -> 16 | AR19: =DEC2HEX(SUM((AN19*slots_per_day_1phase)+AQ19)*numberofbytes_tostore_1phase) -> 10E60 | AS19: =DEC2HEX(SUM(HEX2DEC(LOAD_SURVEY_BASE_ADRESS),HEX2DEC(AR19))) -> 120E3 | AV19: 60 | AW19: =SUM(AW17+1) -> 8 | AX19: =IF(AX18=30,0,30) -> 0 | AY19: =SUM(AY18+1) -> 16 | AZ19: =DEC2HEX(SUM((AV19*slots_per_day_1phase)+AY19)*numberofbytes_tostore_1phase) -> 1DB20 | BA19: =DEC2HEX(SUM(HEX2DEC(LOAD_SURVEY_BASE_ADRESS),HEX2DEC(AZ19))) -> 1EDA3
B20: 0 | C20: =C19 -> 8 | D20: =IF(D19=30,0,30) -> 30 | E20: =SUM(E19+1) -> 17 | F20: =DEC2HEX(SUM((B20*slots_per_day_1phase)+E20)*numberofbytes_tostore_1phase) -> 2CA | G20: =DEC2HEX(SUM(HEX2DEC(LOAD_SURVEY_BASE_ADRESS),HEX2DEC(F20))) -> 154D | I20: 1 | J20: =J19 -> 8 | K20: =IF(K19=30,0,30) -> 30 | L20: =SUM(L19+1) -> 17 | M20: =DEC2HEX(SUM((I20*slots_per_day_1phase)+L20)*numberofbytes_tostore_1phase) -> AAA | N20: =DEC2HEX(SUM(HEX2DEC(LOAD_SURVEY_BASE_ADRESS),HEX2DEC(M20))) -> 1D2D | P20: =SUM(P19+0) -> 2 | Q20: =Q19 -> 8 | R20: =IF(R19=30,0,30) -> 30 | S20: =SUM(S19+1) -> 17 | T20: =DEC2HEX(SUM((P20*slots_per_day_1phase)+S20)*numberofbytes_tostore_1phase) -> 128A | U20: =DEC2HEX(SUM(HEX2DEC(LOAD_SURVEY_BASE_ADRESS),HEX2DEC(T20))) -> 250D | X20: =SUM(X19+0) -> 7 | Y20: =Y19 -> 8 | Z20: =IF(Z19=30,0,30) -> 30 | AA20: =SUM(AA19+1) -> 17 | AB20: =DEC2HEX(SUM((X20*slots_per_day_1phase)+AA20)*numberofbytes_tostore_1phase) -> 39EA | AC20: =DEC2HEX(SUM(HEX2DEC(LOAD_SURVEY_BASE_ADRESS),HEX2DEC(AB20))) -> 4C6D | AF20: =SUM(AF19+0) -> 21 | AG20: =AG19 -> 8 | AH20: =IF(AH19=30,0,30) -> 30 | AI20: =SUM(AI19+1) -> 17 | AJ20: =DEC2HEX(SUM((AF20*slots_per_day_1phase)+AI20)*numberofbytes_tostore_1phase) -> A82A | AK20: =DEC2HEX(SUM(HEX2DEC(LOAD_SURVEY_BASE_ADRESS),HEX2DEC(AJ20))) -> BAAD | AN20: =SUM(AN19+0) -> 34 | AO20: =AO19 -> 8 | AP20: =IF(AP19=30,0,30) -> 30 | AQ20: =SUM(AQ19+1) -> 17 | AR20: =DEC2HEX(SUM((AN20*slots_per_day_1phase)+AQ20)*numberofbytes_tostore_1phase) -> 10E8A | AS20: =DEC2HEX(SUM(HEX2DEC(LOAD_SURVEY_BASE_ADRESS),HEX2DEC(AR20))) -> 1210D | AV20: 60 | AW20: =AW19 -> 8 | AX20: =IF(AX19=30,0,30) -> 30 | AY20: =SUM(AY19+1) -> 17 | AZ20: =DEC2HEX(SUM((AV20*slots_per_day_1phase)+AY20)*numberofbytes_tostore_1phase) -> 1DB4A | BA20: =DEC2HEX(SUM(HEX2DEC(LOAD_SURVEY_BASE_ADRESS),HEX2DEC(AZ20))) -> 1EDCD
B21: 0 | C21: =SUM(C19+1) -> 9 | D21: =IF(D20=30,0,30) -> 0 | E21: =SUM(E20+1) -> 18 | F21: =DEC2HEX(SUM((B21*slots_per_day_1phase)+E21)*numberofbytes_tostore_1phase) -> 2F4 | G21: =DEC2HEX(SUM(HEX2DEC(LOAD_SURVEY_BASE_ADRESS),HEX2DEC(F21))) -> 1577 | I21: 1 | J21: =SUM(J19+1) -> 9 | K21: =IF(K20=30,0,30) -> 0 | L21: =SUM(L20+1) -> 18 | M21: =DEC2HEX(SUM((I21*slots_per_day_1phase)+L21)*numberofbytes_tostore_1phase) -> AD4 | N21: =DEC2HEX(SUM(HEX2DEC(LOAD_SURVEY_BASE_ADRESS),HEX2DEC(M21))) -> 1D57 | P21: =SUM(P20+0) -> 2 | Q21: =SUM(Q19+1) -> 9 | R21: =IF(R20=30,0,30) -> 0 | S21: =SUM(S20+1) -> 18 | T21: =DEC2HEX(SUM((P21*slots_per_day_1phase)+S21)*numberofbytes_tostore_1phase) -> 12B4 | U21: =DEC2HEX(SUM(HEX2DEC(LOAD_SURVEY_BASE_ADRESS),HEX2DEC(T21))) -> 2537 | X21: =SUM(X20+0) -> 7 | Y21: =SUM(Y19+1) -> 9 | Z21: =IF(Z20=30,0,30) -> 0 | AA21: =SUM(AA20+1) -> 18 | AB21: =DEC2HEX(SUM((X21*slots_per_day_1phase)+AA21)*numberofbytes_tostore_1phase) -> 3A14 | AC21: =DEC2HEX(SUM(HEX2DEC(LOAD_SURVEY_BASE_ADRESS),HEX2DEC(AB21))) -> 4C97 | AF21: =SUM(AF20+0) -> 21 | AG21: =SUM(AG19+1) -> 9 | AH21: =IF(AH20=30,0,30) -> 0 | AI21: =SUM(AI20+1) -> 18 | AJ21: =DEC2HEX(SUM((AF21*slots_per_day_1phase)+AI21)*numberofbytes_tostore_1phase) -> A854 | AK21: =DEC2HEX(SUM(HEX2DEC(LOAD_SURVEY_BASE_ADRESS),HEX2DEC(AJ21))) -> BAD7 | AN21: =SUM(AN20+0) -> 34 | AO21: =SUM(AO19+1) -> 9 | AP21: =IF(AP20=30,0,30) -> 0 | AQ21: =SUM(AQ20+1) -> 18 | AR21: =DEC2HEX(SUM((AN21*slots_per_day_1phase)+AQ21)*numberofbytes_tostore_1phase) -> 10EB4 | AS21: =DEC2HEX(SUM(HEX2DEC(LOAD_SURVEY_BASE_ADRESS),HEX2DEC(AR21))) -> 12137 | AV21: 60 | AW21: =SUM(AW19+1) -> 9 | AX21: =IF(AX20=30,0,30) -> 0 | AY21: =SUM(AY20+1) -> 18 | AZ21: =DEC2HEX(SUM((AV21*slots_per_day_1phase)+AY21)*numberofbytes_tostore_1phase) -> 1DB74 | BA21: =DEC2HEX(SUM(HEX2DEC(LOAD_SURVEY_BASE_ADRESS),HEX2DEC(AZ21))) -> 1EDF7
B22: 0 | C22: =C21 -> 9 | D22: =IF(D21=30,0,30) -> 30 | E22: =SUM(E21+1) -> 19 | F22: =DEC2HEX(SUM((B22*slots_per_day_1phase)+E22)*numberofbytes_tostore_1phase) -> 31E | G22: =DEC2HEX(SUM(HEX2DEC(LOAD_SURVEY_BASE_ADRESS),HEX2DEC(F22))) -> 15A1 | I22: 1 | J22: =J21 -> 9 | K22: =IF(K21=30,0,30) -> 30 | L22: =SUM(L21+1) -> 19 | M22: =DEC2HEX(SUM((I22*slots_per_day_1phase)+L22)*numberofbytes_tostore_1phase) -> AFE | N22: =DEC2HEX(SUM(HEX2DEC(LOAD_SURVEY_BASE_ADRESS),HEX2DEC(M22))) -> 1D81 | P22: =SUM(P21+0) -> 2 | Q22: =Q21 -> 9 | R22: =IF(R21=30,0,30) -> 30 | S22: =SUM(S21+1) -> 19 | T22: =DEC2HEX(SUM((P22*slots_per_day_1phase)+S22)*numberofbytes_tostore_1phase) -> 12DE | U22: =DEC2HEX(SUM(HEX2DEC(LOAD_SURVEY_BASE_ADRESS),HEX2DEC(T22))) -> 2561 | X22: =SUM(X21+0) -> 7 | Y22: =Y21 -> 9 | Z22: =IF(Z21=30,0,30) -> 30 | AA22: =SUM(AA21+1) -> 19 | AB22: =DEC2HEX(SUM((X22*slots_per_day_1phase)+AA22)*numberofbytes_tostore_1phase) -> 3A3E | AC22: =DEC2HEX(SUM(HEX2DEC(LOAD_SURVEY_BASE_ADRESS),HEX2DEC(AB22))) -> 4CC1 | AF22: =SUM(AF21+0) -> 21 | AG22: =AG21 -> 9 | AH22: =IF(AH21=30,0,30) -> 30 | AI22: =SUM(AI21+1) -> 19 | AJ22: =DEC2HEX(SUM((AF22*slots_per_day_1phase)+AI22)*numberofbytes_tostore_1phase) -> A87E | AK22: =DEC2HEX(SUM(HEX2DEC(LOAD_SURVEY_BASE_ADRESS),HEX2DEC(AJ22))) -> BB01 | AN22: =SUM(AN21+0) -> 34 | AO22: =AO21 -> 9 | AP22: =IF(AP21=30,0,30) -> 30 | AQ22: =SUM(AQ21+1) -> 19 | AR22: =DEC2HEX(SUM((AN22*slots_per_day_1phase)+AQ22)*numberofbytes_tostore_1phase) -> 10EDE | AS22: =DEC2HEX(SUM(HEX2DEC(LOAD_SURVEY_BASE_ADRESS),HEX2DEC(AR22))) -> 12161 | AV22: 60 | AW22: =AW21 -> 9 | AX22: =IF(AX21=30,0,30) -> 30 | AY22: =SUM(AY21+1) -> 19 | AZ22: =DEC2HEX(SUM((AV22*slots_per_day_1phase)+AY22)*numberofbytes_tostore_1phase) -> 1DB9E | BA22: =DEC2HEX(SUM(HEX2DEC(LOAD_SURVEY_BASE_ADRESS),HEX2DEC(AZ22))) -> 1EE21
B23: 0 | C23: =SUM(C21+1) -> 10 | D23: =IF(D22=30,0,30) -> 0 | E23: =SUM(E22+1) -> 20 | F23: =DEC2HEX(SUM((B23*slots_per_day_1phase)+E23)*numberofbytes_tostore_1phase) -> 348 | G23: =DEC2HEX(SUM(HEX2DEC(LOAD_SURVEY_BASE_ADRESS),HEX2DEC(F23))) -> 15CB | I23: 1 | J23: =SUM(J21+1) -> 10 | K23: =IF(K22=30,0,30) -> 0 | L23: =SUM(L22+1) -> 20 | M23: =DEC2HEX(SUM((I23*slots_per_day_1phase)+L23)*numberofbytes_tostore_1phase) -> B28 | N23: =DEC2HEX(SUM(HEX2DEC(LOAD_SURVEY_BASE_ADRESS),HEX2DEC(M23))) -> 1DAB | P23: =SUM(P22+0) -> 2 | Q23: =SUM(Q21+1) -> 10 | R23: =IF(R22=30,0,30) -> 0 | S23: =SUM(S22+1) -> 20 | T23: =DEC2HEX(SUM((P23*slots_per_day_1phase)+S23)*numberofbytes_tostore_1phase) -> 1308 | U23: =DEC2HEX(SUM(HEX2DEC(LOAD_SURVEY_BASE_ADRESS),HEX2DEC(T23))) -> 258B | X23: =SUM(X22+0) -> 7 | Y23: =SUM(Y21+1) -> 10 | Z23: =IF(Z22=30,0,30) -> 0 | AA23: =SUM(AA22+1) -> 20 | AB23: =DEC2HEX(SUM((X23*slots_per_day_1phase)+AA23)*numberofbytes_tostore_1phase) -> 3A68 | AC23: =DEC2HEX(SUM(HEX2DEC(LOAD_SURVEY_BASE_ADRESS),HEX2DEC(AB23))) -> 4CEB | AF23: =SUM(AF22+0) -> 21 | AG23: =SUM(AG21+1) -> 10 | AH23: =IF(AH22=30,0,30) -> 0 | AI23: =SUM(AI22+1) -> 20 | AJ23: =DEC2HEX(SUM((AF23*slots_per_day_1phase)+AI23)*numberofbytes_tostore_1phase) -> A8A8 | AK23: =DEC2HEX(SUM(HEX2DEC(LOAD_SURVEY_BASE_ADRESS),HEX2DEC(AJ23))) -> BB2B | AN23: =SUM(AN22+0) -> 34 | AO23: =SUM(AO21+1) -> 10 | AP23: =IF(AP22=30,0,30) -> 0 | AQ23: =SUM(AQ22+1) -> 20 | AR23: =DEC2HEX(SUM((AN23*slots_per_day_1phase)+AQ23)*numberofbytes_tostore_1phase) -> 10F08 | AS23: =DEC2HEX(SUM(HEX2DEC(LOAD_SURVEY_BASE_ADRESS),HEX2DEC(AR23))) -> 1218B | AV23: 60 | AW23: =SUM(AW21+1) -> 10 | AX23: =IF(AX22=30,0,30) -> 0 | AY23: =SUM(AY22+1) -> 20 | AZ23: =DEC2HEX(SUM((AV23*slots_per_day_1phase)+AY23)*numberofbytes_tostore_1phase) -> 1DBC8 | BA23: =DEC2HEX(SUM(HEX2DEC(LOAD_SURVEY_BASE_ADRESS),HEX2DEC(AZ23))) -> 1EE4B
B24: 0 | C24: =C23 -> 10 | D24: =IF(D23=30,0,30) -> 30 | E24: =SUM(E23+1) -> 21 | F24: =DEC2HEX(SUM((B24*slots_per_day_1phase)+E24)*numberofbytes_tostore_1phase) -> 372 | G24: =DEC2HEX(SUM(HEX2DEC(LOAD_SURVEY_BASE_ADRESS),HEX2DEC(F24))) -> 15F5 | I24: 1 | J24: =J23 -> 10 | K24: =IF(K23=30,0,30) -> 30 | L24: =SUM(L23+1) -> 21 | M24: =DEC2HEX(SUM((I24*slots_per_day_1phase)+L24)*numberofbytes_tostore_1phase) -> B52 | N24: =DEC2HEX(SUM(HEX2DEC(LOAD_SURVEY_BASE_ADRESS),HEX2DEC(M24))) -> 1DD5 | P24: =SUM(P23+0) -> 2 | Q24: =Q23 -> 10 | R24: =IF(R23=30,0,30) -> 30 | S24: =SUM(S23+1) -> 21 | T24: =DEC2HEX(SUM((P24*slots_per_day_1phase)+S24)*numberofbytes_tostore_1phase) -> 1332 | U24: =DEC2HEX(SUM(HEX2DEC(LOAD_SURVEY_BASE_ADRESS),HEX2DEC(T24))) -> 25B5 | X24: =SUM(X23+0) -> 7 | Y24: =Y23 -> 10 | Z24: =IF(Z23=30,0,30) -> 30 | AA24: =SUM(AA23+1) -> 21 | AB24: =DEC2HEX(SUM((X24*slots_per_day_1phase)+AA24)*numberofbytes_tostore_1phase) -> 3A92 | AC24: =DEC2HEX(SUM(HEX2DEC(LOAD_SURVEY_BASE_ADRESS),HEX2DEC(AB24))) -> 4D15 | AF24: =SUM(AF23+0) -> 21 | AG24: =AG23 -> 10 | AH24: =IF(AH23=30,0,30) -> 30 | AI24: =SUM(AI23+1) -> 21 | AJ24: =DEC2HEX(SUM((AF24*slots_per_day_1phase)+AI24)*numberofbytes_tostore_1phase) -> A8D2 | AK24: =DEC2HEX(SUM(HEX2DEC(LOAD_SURVEY_BASE_ADRESS),HEX2DEC(AJ24))) -> BB55 | AN24: =SUM(AN23+0) -> 34 | AO24: =AO23 -> 10 | AP24: =IF(AP23=30,0,30) -> 30 | AQ24: =SUM(AQ23+1) -> 21 | AR24: =DEC2HEX(SUM((AN24*slots_per_day_1phase)+AQ24)*numberofbytes_tostore_1phase) -> 10F32 | AS24: =DEC2HEX(SUM(HEX2DEC(LOAD_SURVEY_BASE_ADRESS),HEX2DEC(AR24))) -> 121B5 | AV24: =SUM(AV23+0) -> 60 | AW24: =AW23 -> 10 | AX24: =IF(AX23=30,0,30) -> 30 | AY24: =SUM(AY23+1) -> 21 | AZ24: =DEC2HEX(SUM((AV24*slots_per_day_1phase)+AY24)*numberofbytes_tostore_1phase) -> 1DBF2 | BA24: =DEC2HEX(SUM(HEX2DEC(LOAD_SURVEY_BASE_ADRESS),HEX2DEC(AZ24))) -> 1EE75
B25: 0 | C25: =SUM(C23+1) -> 11 | D25: =IF(D24=30,0,30) -> 0 | E25: =SUM(E24+1) -> 22 | F25: =DEC2HEX(SUM((B25*slots_per_day_1phase)+E25)*numberofbytes_tostore_1phase) -> 39C | G25: =DEC2HEX(SUM(HEX2DEC(LOAD_SURVEY_BASE_ADRESS),HEX2DEC(F25))) -> 161F | I25: 1 | J25: =SUM(J23+1) -> 11 | K25: =IF(K24=30,0,30) -> 0 | L25: =SUM(L24+1) -> 22 | M25: =DEC2HEX(SUM((I25*slots_per_day_1phase)+L25)*numberofbytes_tostore_1phase) -> B7C | N25: =DEC2HEX(SUM(HEX2DEC(LOAD_SURVEY_BASE_ADRESS),HEX2DEC(M25))) -> 1DFF | P25: =SUM(P24+0) -> 2 | Q25: =SUM(Q23+1) -> 11 | R25: =IF(R24=30,0,30) -> 0 | S25: =SUM(S24+1) -> 22 | T25: =DEC2HEX(SUM((P25*slots_per_day_1phase)+S25)*numberofbytes_tostore_1phase) -> 135C | U25: =DEC2HEX(SUM(HEX2DEC(LOAD_SURVEY_BASE_ADRESS),HEX2DEC(T25))) -> 25DF | X25: =SUM(X24+0) -> 7 | Y25: =SUM(Y23+1) -> 11 | Z25: =IF(Z24=30,0,30) -> 0 | AA25: =SUM(AA24+1) -> 22 | AB25: =DEC2HEX(SUM((X25*slots_per_day_1phase)+AA25)*numberofbytes_tostore_1phase) -> 3ABC | AC25: =DEC2HEX(SUM(HEX2DEC(LOAD_SURVEY_BASE_ADRESS),HEX2DEC(AB25))) -> 4D3F | AF25: =SUM(AF24+0) -> 21 | AG25: =SUM(AG23+1) -> 11 | AH25: =IF(AH24=30,0,30) -> 0 | AI25: =SUM(AI24+1) -> 22 | AJ25: =DEC2HEX(SUM((AF25*slots_per_day_1phase)+AI25)*numberofbytes_tostore_1phase) -> A8FC | AK25: =DEC2HEX(SUM(HEX2DEC(LOAD_SURVEY_BASE_ADRESS),HEX2DEC(AJ25))) -> BB7F | AN25: =SUM(AN24+0) -> 34 | AO25: =SUM(AO23+1) -> 11 | AP25: =IF(AP24=30,0,30) -> 0 | AQ25: =SUM(AQ24+1) -> 22 | AR25: =DEC2HEX(SUM((AN25*slots_per_day_1phase)+AQ25)*numberofbytes_tostore_1phase) -> 10F5C | AS25: =DEC2HEX(SUM(HEX2DEC(LOAD_SURVEY_BASE_ADRESS),HEX2DEC(AR25))) -> 121DF | AV25: =SUM(AV24+0) -> 60 | AW25: =SUM(AW23+1) -> 11 | AX25: =IF(AX24=30,0,30) -> 0 | AY25: =SUM(AY24+1) -> 22 | AZ25: =DEC2HEX(SUM((AV25*slots_per_day_1phase)+AY25)*numberofbytes_tostore_1phase) -> 1DC1C | BA25: =DEC2HEX(SUM(HEX2DEC(LOAD_SURVEY_BASE_ADRESS),HEX2DEC(AZ25))) -> 1EE9F
B26: 0 | C26: =C25 -> 11 | D26: =IF(D25=30,0,30) -> 30 | E26: =SUM(E25+1) -> 23 | F26: =DEC2HEX(SUM((B26*slots_per_day_1phase)+E26)*numberofbytes_tostore_1phase) -> 3C6 | G26: =DEC2HEX(SUM(HEX2DEC(LOAD_SURVEY_BASE_ADRESS),HEX2DEC(F26))) -> 1649 | I26: 1 | J26: =J25 -> 11 | K26: =IF(K25=30,0,30) -> 30 | L26: =SUM(L25+1) -> 23 | M26: =DEC2HEX(SUM((I26*slots_per_day_1phase)+L26)*numberofbytes_tostore_1phase) -> BA6 | N26: =DEC2HEX(SUM(HEX2DEC(LOAD_SURVEY_BASE_ADRESS),HEX2DEC(M26))) -> 1E29 | P26: =SUM(P25+0) -> 2 | Q26: =Q25 -> 11 | R26: =IF(R25=30,0,30) -> 30 | S26: =SUM(S25+1) -> 23 | T26: =DEC2HEX(SUM((P26*slots_per_day_1phase)+S26)*numberofbytes_tostore_1phase) -> 1386 | U26: =DEC2HEX(SUM(HEX2DEC(LOAD_SURVEY_BASE_ADRESS),HEX2DEC(T26))) -> 2609 | X26: =SUM(X25+0) -> 7 | Y26: =Y25 -> 11 | Z26: =IF(Z25=30,0,30) -> 30 | AA26: =SUM(AA25+1) -> 23 | AB26: =DEC2HEX(SUM((X26*slots_per_day_1phase)+AA26)*numberofbytes_tostore_1phase) -> 3AE6 | AC26: =DEC2HEX(SUM(HEX2DEC(LOAD_SURVEY_BASE_ADRESS),HEX2DEC(AB26))) -> 4D69 | AF26: =SUM(AF25+0) -> 21 | AG26: =AG25 -> 11 | AH26: =IF(AH25=30,0,30) -> 30 | AI26: =SUM(AI25+1) -> 23 | AJ26: =DEC2HEX(SUM((AF26*slots_per_day_1phase)+AI26)*numberofbytes_tostore_1phase) -> A926 | AK26: =DEC2HEX(SUM(HEX2DEC(LOAD_SURVEY_BASE_ADRESS),HEX2DEC(AJ26))) -> BBA9 | AN26: =SUM(AN25+0) -> 34 | AO26: =AO25 -> 11 | AP26: =IF(AP25=30,0,30) -> 30 | AQ26: =SUM(AQ25+1) -> 23 | AR26: =DEC2HEX(SUM((AN26*slots_per_day_1phase)+AQ26)*numberofbytes_tostore_1phase) -> 10F86 | AS26: =DEC2HEX(SUM(HEX2DEC(LOAD_SURVEY_BASE_ADRESS),HEX2DEC(AR26))) -> 12209 | AV26: =SUM(AV25+0) -> 60 | AW26: =AW25 -> 11 | AX26: =IF(AX25=30,0,30) -> 30 | AY26: =SUM(AY25+1) -> 23 | AZ26: =DEC2HEX(SUM((AV26*slots_per_day_1phase)+AY26)*numberofbytes_tostore_1phase) -> 1DC46 | BA26: =DEC2HEX(SUM(HEX2DEC(LOAD_SURVEY_BASE_ADRESS),HEX2DEC(AZ26))) -> 1EEC9
B27: 0 | C27: =SUM(C25+1) -> 12 | D27: =IF(D26=30,0,30) -> 0 | E27: =SUM(E26+1) -> 24 | F27: =DEC2HEX(SUM((B27*slots_per_day_1phase)+E27)*numberofbytes_tostore_1phase) -> 3F0 | G27: =DEC2HEX(SUM(HEX2DEC(LOAD_SURVEY_BASE_ADRESS),HEX2DEC(F27))) -> 1673 | I27: 1 | J27: =SUM(J25+1) -> 12 | K27: =IF(K26=30,0,30) -> 0 | L27: =SUM(L26+1) -> 24 | M27: =DEC2HEX(SUM((I27*slots_per_day_1phase)+L27)*numberofbytes_tostore_1phase) -> BD0 | N27: =DEC2HEX(SUM(HEX2DEC(LOAD_SURVEY_BASE_ADRESS),HEX2DEC(M27))) -> 1E53 | P27: =SUM(P26+0) -> 2 | Q27: =SUM(Q25+1) -> 12 | R27: =IF(R26=30,0,30) -> 0 | S27: =SUM(S26+1) -> 24 | T27: =DEC2HEX(SUM((P27*slots_per_day_1phase)+S27)*numberofbytes_tostore_1phase) -> 13B0 | U27: =DEC2HEX(SUM(HEX2DEC(LOAD_SURVEY_BASE_ADRESS),HEX2DEC(T27))) -> 2633 | X27: =SUM(X26+0) -> 7 | Y27: =SUM(Y25+1) -> 12 | Z27: =IF(Z26=30,0,30) -> 0 | AA27: =SUM(AA26+1) -> 24 | AB27: =DEC2HEX(SUM((X27*slots_per_day_1phase)+AA27)*numberofbytes_tostore_1phase) -> 3B10 | AC27: =DEC2HEX(SUM(HEX2DEC(LOAD_SURVEY_BASE_ADRESS),HEX2DEC(AB27))) -> 4D93 | AF27: =SUM(AF26+0) -> 21 | AG27: =SUM(AG25+1) -> 12 | AH27: =IF(AH26=30,0,30) -> 0 | AI27: =SUM(AI26+1) -> 24 | AJ27: =DEC2HEX(SUM((AF27*slots_per_day_1phase)+AI27)*numberofbytes_tostore_1phase) -> A950 | AK27: =DEC2HEX(SUM(HEX2DEC(LOAD_SURVEY_BASE_ADRESS),HEX2DEC(AJ27))) -> BBD3 | AN27: =SUM(AN26+0) -> 34 | AO27: =SUM(AO25+1) -> 12 | AP27: =IF(AP26=30,0,30) -> 0 | AQ27: =SUM(AQ26+1) -> 24 | AR27: =DEC2HEX(SUM((AN27*slots_per_day_1phase)+AQ27)*numberofbytes_tostore_1phase) -> 10FB0 | AS27: =DEC2HEX(SUM(HEX2DEC(LOAD_SURVEY_BASE_ADRESS),HEX2DEC(AR27))) -> 12233 | AV27: =SUM(AV26+0) -> 60 | AW27: =SUM(AW25+1) -> 12 | AX27: =IF(AX26=30,0,30) -> 0 | AY27: =SUM(AY26+1) -> 24 | AZ27: =DEC2HEX(SUM((AV27*slots_per_day_1phase)+AY27)*numberofbytes_tostore_1phase) -> 1DC70 | BA27: =DEC2HEX(SUM(HEX2DEC(LOAD_SURVEY_BASE_ADRESS),HEX2DEC(AZ27))) -> 1EEF3
B28: 0 | C28: =C27 -> 12 | D28: =IF(D27=30,0,30) -> 30 | E28: =SUM(E27+1) -> 25 | F28: =DEC2HEX(SUM((B28*slots_per_day_1phase)+E28)*numberofbytes_tostore_1phase) -> 41A | G28: =DEC2HEX(SUM(HEX2DEC(LOAD_SURVEY_BASE_ADRESS),HEX2DEC(F28))) -> 169D | I28: 1 | J28: =J27 -> 12 | K28: =IF(K27=30,0,30) -> 30 | L28: =SUM(L27+1) -> 25 | M28: =DEC2HEX(SUM((I28*slots_per_day_1phase)+L28)*numberofbytes_tostore_1phase) -> BFA | N28: =DEC2HEX(SUM(HEX2DEC(LOAD_SURVEY_BASE_ADRESS),HEX2DEC(M28))) -> 1E7D | P28: =SUM(P27+0) -> 2 | Q28: =Q27 -> 12 | R28: =IF(R27=30,0,30) -> 30 | S28: =SUM(S27+1) -> 25 | T28: =DEC2HEX(SUM((P28*slots_per_day_1phase)+S28)*numberofbytes_tostore_1phase) -> 13DA | U28: =DEC2HEX(SUM(HEX2DEC(LOAD_SURVEY_BASE_ADRESS),HEX2DEC(T28))) -> 265D | X28: =SUM(X27+0) -> 7 | Y28: =Y27 -> 12 | Z28: =IF(Z27=30,0,30) -> 30 | AA28: =SUM(AA27+1) -> 25 | AB28: =DEC2HEX(SUM((X28*slots_per_day_1phase)+AA28)*numberofbytes_tostore_1phase) -> 3B3A | AC28: =DEC2HEX(SUM(HEX2DEC(LOAD_SURVEY_BASE_ADRESS),HEX2DEC(AB28))) -> 4DBD | AF28: =SUM(AF27+0) -> 21 | AG28: =AG27 -> 12 | AH28: =IF(AH27=30,0,30) -> 30 | AI28: =SUM(AI27+1) -> 25 | AJ28: =DEC2HEX(SUM((AF28*slots_per_day_1phase)+AI28)*numberofbytes_tostore_1phase) -> A97A | AK28: =DEC2HEX(SUM(HEX2DEC(LOAD_SURVEY_BASE_ADRESS),HEX2DEC(AJ28))) -> BBFD | AN28: =SUM(AN27+0) -> 34 | AO28: =AO27 -> 12 | AP28: =IF(AP27=30,0,30) -> 30 | AQ28: =SUM(AQ27+1) -> 25 | AR28: =DEC2HEX(SUM((AN28*slots_per_day_1phase)+AQ28)*numberofbytes_tostore_1phase) -> 10FDA | AS28: =DEC2HEX(SUM(HEX2DEC(LOAD_SURVEY_BASE_ADRESS),HEX2DEC(AR28))) -> 1225D | AV28: =SUM(AV27+0) -> 60 | AW28: =AW27 -> 12 | AX28: =IF(AX27=30,0,30) -> 30 | AY28: =SUM(AY27+1) -> 25 | AZ28: =DEC2HEX(SUM((AV28*slots_per_day_1phase)+AY28)*numberofbytes_tostore_1phase) -> 1DC9A | BA28: =DEC2HEX(SUM(HEX2DEC(LOAD_SURVEY_BASE_ADRESS),HEX2DEC(AZ28))) -> 1EF1D
B29: 0 | C29: =SUM(C27+1) -> 13 | D29: =IF(D28=30,0,30) -> 0 | E29: =SUM(E28+1) -> 26 | F29: =DEC2HEX(SUM((B29*slots_per_day_1phase)+E29)*numberofbytes_tostore_1phase) -> 444 | G29: =DEC2HEX(SUM(HEX2DEC(LOAD_SURVEY_BASE_ADRESS),HEX2DEC(F29))) -> 16C7 | I29: 1 | J29: =SUM(J27+1) -> 13 | K29: =IF(K28=30,0,30) -> 0 | L29: =SUM(L28+1) -> 26 | M29: =DEC2HEX(SUM((I29*slots_per_day_1phase)+L29)*numberofbytes_tostore_1phase) -> C24 | N29: =DEC2HEX(SUM(HEX2DEC(LOAD_SURVEY_BASE_ADRESS),HEX2DEC(M29))) -> 1EA7 | P29: =SUM(P28+0) -> 2 | Q29: =SUM(Q27+1) -> 13 | R29: =IF(R28=30,0,30) -> 0 | S29: =SUM(S28+1) -> 26 | T29: =DEC2HEX(SUM((P29*slots_per_day_1phase)+S29)*numberofbytes_tostore_1phase) -> 1404 | U29: =DEC2HEX(SUM(HEX2DEC(LOAD_SURVEY_BASE_ADRESS),HEX2DEC(T29))) -> 2687 | X29: =SUM(X28+0) -> 7 | Y29: =SUM(Y27+1) -> 13 | Z29: =IF(Z28=30,0,30) -> 0 | AA29: =SUM(AA28+1) -> 26 | AB29: =DEC2HEX(SUM((X29*slots_per_day_1phase)+AA29)*numberofbytes_tostore_1phase) -> 3B64 | AC29: =DEC2HEX(SUM(HEX2DEC(LOAD_SURVEY_BASE_ADRESS),HEX2DEC(AB29))) -> 4DE7 | AF29: =SUM(AF28+0) -> 21 | AG29: =SUM(AG27+1) -> 13 | AH29: =IF(AH28=30,0,30) -> 0 | AI29: =SUM(AI28+1) -> 26 | AJ29: =DEC2HEX(SUM((AF29*slots_per_day_1phase)+AI29)*numberofbytes_tostore_1phase) -> A9A4 | AK29: =DEC2HEX(SUM(HEX2DEC(LOAD_SURVEY_BASE_ADRESS),HEX2DEC(AJ29))) -> BC27 | AN29: =SUM(AN28+0) -> 34 | AO29: =SUM(AO27+1) -> 13 | AP29: =IF(AP28=30,0,30) -> 0 | AQ29: =SUM(AQ28+1) -> 26 | AR29: =DEC2HEX(SUM((AN29*slots_per_day_1phase)+AQ29)*numberofbytes_tostore_1phase) -> 11004 | AS29: =DEC2HEX(SUM(HEX2DEC(LOAD_SURVEY_BASE_ADRESS),HEX2DEC(AR29))) -> 12287 | AV29: =SUM(AV28+0) -> 60 | AW29: =SUM(AW27+1) -> 13 | AX29: =IF(AX28=30,0,30) -> 0 | AY29: =SUM(AY28+1) -> 26 | AZ29: =DEC2HEX(SUM((AV29*slots_per_day_1phase)+AY29)*numberofbytes_tostore_1phase) -> 1DCC4 | BA29: =DEC2HEX(SUM(HEX2DEC(LOAD_SURVEY_BASE_ADRESS),HEX2DEC(AZ29))) -> 1EF47
B30: 0 | C30: =C29 -> 13 | D30: =IF(D29=30,0,30) -> 30 | E30: =SUM(E29+1) -> 27 | F30: =DEC2HEX(SUM((B30*slots_per_day_1phase)+E30)*numberofbytes_tostore_1phase) -> 46E | G30: =DEC2HEX(SUM(HEX2DEC(LOAD_SURVEY_BASE_ADRESS),HEX2DEC(F30))) -> 16F1 | I30: 1 | J30: =J29 -> 13 | K30: =IF(K29=30,0,30) -> 30 | L30: =SUM(L29+1) -> 27 | M30: =DEC2HEX(SUM((I30*slots_per_day_1phase)+L30)*numberofbytes_tostore_1phase) -> C4E | N30: =DEC2HEX(SUM(HEX2DEC(LOAD_SURVEY_BASE_ADRESS),HEX2DEC(M30))) -> 1ED1 | P30: =SUM(P29+0) -> 2 | Q30: =Q29 -> 13 | R30: =IF(R29=30,0,30) -> 30 | S30: =SUM(S29+1) -> 27 | T30: =DEC2HEX(SUM((P30*slots_per_day_1phase)+S30)*numberofbytes_tostore_1phase) -> 142E | U30: =DEC2HEX(SUM(HEX2DEC(LOAD_SURVEY_BASE_ADRESS),HEX2DEC(T30))) -> 26B1 | X30: =SUM(X29+0) -> 7 | Y30: =Y29 -> 13 | Z30: =IF(Z29=30,0,30) -> 30 | AA30: =SUM(AA29+1) -> 27 | AB30: =DEC2HEX(SUM((X30*slots_per_day_1phase)+AA30)*numberofbytes_tostore_1phase) -> 3B8E | AC30: =DEC2HEX(SUM(HEX2DEC(LOAD_SURVEY_BASE_ADRESS),HEX2DEC(AB30))) -> 4E11 | AF30: =SUM(AF29+0) -> 21 | AG30: =AG29 -> 13 | AH30: =IF(AH29=30,0,30) -> 30 | AI30: =SUM(AI29+1) -> 27 | AJ30: =DEC2HEX(SUM((AF30*slots_per_day_1phase)+AI30)*numberofbytes_tostore_1phase) -> A9CE | AK30: =DEC2HEX(SUM(HEX2DEC(LOAD_SURVEY_BASE_ADRESS),HEX2DEC(AJ30))) -> BC51 | AN30: =SUM(AN29+0) -> 34 | AO30: =AO29 -> 13 | AP30: =IF(AP29=30,0,30) -> 30 | AQ30: =SUM(AQ29+1) -> 27 | AR30: =DEC2HEX(SUM((AN30*slots_per_day_1phase)+AQ30)*numberofbytes_tostore_1phase) -> 1102E | AS30: =DEC2HEX(SUM(HEX2DEC(LOAD_SURVEY_BASE_ADRESS),HEX2DEC(AR30))) -> 122B1 | AV30: =SUM(AV29+0) -> 60 | AW30: =AW29 -> 13 | AX30: =IF(AX29=30,0,30) -> 30 | AY30: =SUM(AY29+1) -> 27 | AZ30: =DEC2HEX(SUM((AV30*slots_per_day_1phase)+AY30)*numberofbytes_tostore_1phase) -> 1DCEE | BA30: =DEC2HEX(SUM(HEX2DEC(LOAD_SURVEY_BASE_ADRESS),HEX2DEC(AZ30))) -> 1EF71
B31: 0 | C31: =SUM(C29+1) -> 14 | D31: =IF(D30=30,0,30) -> 0 | E31: =SUM(E30+1) -> 28 | F31: =DEC2HEX(SUM((B31*slots_per_day_1phase)+E31)*numberofbytes_tostore_1phase) -> 498 | G31: =DEC2HEX(SUM(HEX2DEC(LOAD_SURVEY_BASE_ADRESS),HEX2DEC(F31))) -> 171B | I31: 1 | J31: =SUM(J29+1) -> 14 | K31: =IF(K30=30,0,30) -> 0 | L31: =SUM(L30+1) -> 28 | M31: =DEC2HEX(SUM((I31*slots_per_day_1phase)+L31)*numberofbytes_tostore_1phase) -> C78 | N31: =DEC2HEX(SUM(HEX2DEC(LOAD_SURVEY_BASE_ADRESS),HEX2DEC(M31))) -> 1EFB | P31: =SUM(P30+0) -> 2 | Q31: =SUM(Q29+1) -> 14 | R31: =IF(R30=30,0,30) -> 0 | S31: =SUM(S30+1) -> 28 | T31: =DEC2HEX(SUM((P31*slots_per_day_1phase)+S31)*numberofbytes_tostore_1phase) -> 1458 | U31: =DEC2HEX(SUM(HEX2DEC(LOAD_SURVEY_BASE_ADRESS),HEX2DEC(T31))) -> 26DB | X31: =SUM(X30+0) -> 7 | Y31: =SUM(Y29+1) -> 14 | Z31: =IF(Z30=30,0,30) -> 0 | AA31: =SUM(AA30+1) -> 28 | AB31: =DEC2HEX(SUM((X31*slots_per_day_1phase)+AA31)*numberofbytes_tostore_1phase) -> 3BB8 | AC31: =DEC2HEX(SUM(HEX2DEC(LOAD_SURVEY_BASE_ADRESS),HEX2DEC(AB31))) -> 4E3B | AF31: =SUM(AF30+0) -> 21 | AG31: =SUM(AG29+1) -> 14 | AH31: =IF(AH30=30,0,30) -> 0 | AI31: =SUM(AI30+1) -> 28 | AJ31: =DEC2HEX(SUM((AF31*slots_per_day_1phase)+AI31)*numberofbytes_tostore_1phase) -> A9F8 | AK31: =DEC2HEX(SUM(HEX2DEC(LOAD_SURVEY_BASE_ADRESS),HEX2DEC(AJ31))) -> BC7B | AN31: =SUM(AN30+0) -> 34 | AO31: =SUM(AO29+1) -> 14 | AP31: =IF(AP30=30,0,30) -> 0 | AQ31: =SUM(AQ30+1) -> 28 | AR31: =DEC2HEX(SUM((AN31*slots_per_day_1phase)+AQ31)*numberofbytes_tostore_1phase) -> 11058 | AS31: =DEC2HEX(SUM(HEX2DEC(LOAD_SURVEY_BASE_ADRESS),HEX2DEC(AR31))) -> 122DB | AV31: =SUM(AV30+0) -> 60 | AW31: =SUM(AW29+1) -> 14 | AX31: =IF(AX30=30,0,30) -> 0 | AY31: =SUM(AY30+1) -> 28 | AZ31: =DEC2HEX(SUM((AV31*slots_per_day_1phase)+AY31)*numberofbytes_tostore_1phase) -> 1DD18 | BA31: =DEC2HEX(SUM(HEX2DEC(LOAD_SURVEY_BASE_ADRESS),HEX2DEC(AZ31))) -> 1EF9B
B32: 0 | C32: =C31 -> 14 | D32: =IF(D31=30,0,30) -> 30 | E32: =SUM(E31+1) -> 29 | F32: =DEC2HEX(SUM((B32*slots_per_day_1phase)+E32)*numberofbytes_tostore_1phase) -> 4C2 | G32: =DEC2HEX(SUM(HEX2DEC(LOAD_SURVEY_BASE_ADRESS),HEX2DEC(F32))) -> 1745 | I32: 1 | J32: =J31 -> 14 | K32: =IF(K31=30,0,30) -> 30 | L32: =SUM(L31+1) -> 29 | M32: =DEC2HEX(SUM((I32*slots_per_day_1phase)+L32)*numberofbytes_tostore_1phase) -> CA2 | N32: =DEC2HEX(SUM(HEX2DEC(LOAD_SURVEY_BASE_ADRESS),HEX2DEC(M32))) -> 1F25 | P32: =SUM(P31+0) -> 2 | Q32: =Q31 -> 14 | R32: =IF(R31=30,0,30) -> 30 | S32: =SUM(S31+1) -> 29 | T32: =DEC2HEX(SUM((P32*slots_per_day_1phase)+S32)*numberofbytes_tostore_1phase) -> 1482 | U32: =DEC2HEX(SUM(HEX2DEC(LOAD_SURVEY_BASE_ADRESS),HEX2DEC(T32))) -> 2705 | X32: =SUM(X31+0) -> 7 | Y32: =Y31 -> 14 | Z32: =IF(Z31=30,0,30) -> 30 | AA32: =SUM(AA31+1) -> 29 | AB32: =DEC2HEX(SUM((X32*slots_per_day_1phase)+AA32)*numberofbytes_tostore_1phase) -> 3BE2 | AC32: =DEC2HEX(SUM(HEX2DEC(LOAD_SURVEY_BASE_ADRESS),HEX2DEC(AB32))) -> 4E65 | AF32: =SUM(AF31+0) -> 21 | AG32: =AG31 -> 14 | AH32: =IF(AH31=30,0,30) -> 30 | AI32: =SUM(AI31+1) -> 29 | AJ32: =DEC2HEX(SUM((AF32*slots_per_day_1phase)+AI32)*numberofbytes_tostore_1phase) -> AA22 | AK32: =DEC2HEX(SUM(HEX2DEC(LOAD_SURVEY_BASE_ADRESS),HEX2DEC(AJ32))) -> BCA5 | AN32: =SUM(AN31+0) -> 34 | AO32: =AO31 -> 14 | AP32: =IF(AP31=30,0,30) -> 30 | AQ32: =SUM(AQ31+1) -> 29 | AR32: =DEC2HEX(SUM((AN32*slots_per_day_1phase)+AQ32)*numberofbytes_tostore_1phase) -> 11082 | AS32: =DEC2HEX(SUM(HEX2DEC(LOAD_SURVEY_BASE_ADRESS),HEX2DEC(AR32))) -> 12305 | AV32: =SUM(AV31+0) -> 60 | AW32: =AW31 -> 14 | AX32: =IF(AX31=30,0,30) -> 30 | AY32: =SUM(AY31+1) -> 29 | AZ32: =DEC2HEX(SUM((AV32*slots_per_day_1phase)+AY32)*numberofbytes_tostore_1phase) -> 1DD42 | BA32: =DEC2HEX(SUM(HEX2DEC(LOAD_SURVEY_BASE_ADRESS),HEX2DEC(AZ32))) -> 1EFC5
B33: 0 | C33: =SUM(C31+1) -> 15 | D33: =IF(D32=30,0,30) -> 0 | E33: =SUM(E32+1) -> 30 | F33: =DEC2HEX(SUM((B33*slots_per_day_1phase)+E33)*numberofbytes_tostore_1phase) -> 4EC | G33: =DEC2HEX(SUM(HEX2DEC(LOAD_SURVEY_BASE_ADRESS),HEX2DEC(F33))) -> 176F | I33: 1 | J33: =SUM(J31+1) -> 15 | K33: =IF(K32=30,0,30) -> 0 | L33: =SUM(L32+1) -> 30 | M33: =DEC2HEX(SUM((I33*slots_per_day_1phase)+L33)*numberofbytes_tostore_1phase) -> CCC | N33: =DEC2HEX(SUM(HEX2DEC(LOAD_SURVEY_BASE_ADRESS),HEX2DEC(M33))) -> 1F4F | P33: =SUM(P32+0) -> 2 | Q33: =SUM(Q31+1) -> 15 | R33: =IF(R32=30,0,30) -> 0 | S33: =SUM(S32+1) -> 30 | T33: =DEC2HEX(SUM((P33*slots_per_day_1phase)+S33)*numberofbytes_tostore_1phase) -> 14AC | U33: =DEC2HEX(SUM(HEX2DEC(LOAD_SURVEY_BASE_ADRESS),HEX2DEC(T33))) -> 272F | X33: =SUM(X32+0) -> 7 | Y33: =SUM(Y31+1) -> 15 | Z33: =IF(Z32=30,0,30) -> 0 | AA33: =SUM(AA32+1) -> 30 | AB33: =DEC2HEX(SUM((X33*slots_per_day_1phase)+AA33)*numberofbytes_tostore_1phase) -> 3C0C | AC33: =DEC2HEX(SUM(HEX2DEC(LOAD_SURVEY_BASE_ADRESS),HEX2DEC(AB33))) -> 4E8F | AF33: =SUM(AF32+0) -> 21 | AG33: =SUM(AG31+1) -> 15 | AH33: =IF(AH32=30,0,30) -> 0 | AI33: =SUM(AI32+1) -> 30 | AJ33: =DEC2HEX(SUM((AF33*slots_per_day_1phase)+AI33)*numberofbytes_tostore_1phase) -> AA4C | AK33: =DEC2HEX(SUM(HEX2DEC(LOAD_SURVEY_BASE_ADRESS),HEX2DEC(AJ33))) -> BCCF | AN33: =SUM(AN32+0) -> 34 | AO33: =SUM(AO31+1) -> 15 | AP33: =IF(AP32=30,0,30) -> 0 | AQ33: =SUM(AQ32+1) -> 30 | AR33: =DEC2HEX(SUM((AN33*slots_per_day_1phase)+AQ33)*numberofbytes_tostore_1phase) -> 110AC | AS33: =DEC2HEX(SUM(HEX2DEC(LOAD_SURVEY_BASE_ADRESS),HEX2DEC(AR33))) -> 1232F | AV33: =SUM(AV32+0) -> 60 | AW33: =SUM(AW31+1) -> 15 | AX33: =IF(AX32=30,0,30) -> 0 | AY33: =SUM(AY32+1) -> 30 | AZ33: =DEC2HEX(SUM((AV33*slots_per_day_1phase)+AY33)*numberofbytes_tostore_1phase) -> 1DD6C | BA33: =DEC2HEX(SUM(HEX2DEC(LOAD_SURVEY_BASE_ADRESS),HEX2DEC(AZ33))) -> 1EFEF
B34: 0 | C34: =C33 -> 15 | D34: =IF(D33=30,0,30) -> 30 | E34: =SUM(E33+1) -> 31 | F34: =DEC2HEX(SUM((B34*slots_per_day_1phase)+E34)*numberofbytes_tostore_1phase) -> 516 | G34: =DEC2HEX(SUM(HEX2DEC(LOAD_SURVEY_BASE_ADRESS),HEX2DEC(F34))) -> 1799 | I34: 1 | J34: =J33 -> 15 | K34: =IF(K33=30,0,30) -> 30 | L34: =SUM(L33+1) -> 31 | M34: =DEC2HEX(SUM((I34*slots_per_day_1phase)+L34)*numberofbytes_tostore_1phase) -> CF6 | N34: =DEC2HEX(SUM(HEX2DEC(LOAD_SURVEY_BASE_ADRESS),HEX2DEC(M34))) -> 1F79 | P34: =SUM(P33+0) -> 2 | Q34: =Q33 -> 15 | R34: =IF(R33=30,0,30) -> 30 | S34: =SUM(S33+1) -> 31 | T34: =DEC2HEX(SUM((P34*slots_per_day_1phase)+S34)*numberofbytes_tostore_1phase) -> 14D6 | U34: =DEC2HEX(SUM(HEX2DEC(LOAD_SURVEY_BASE_ADRESS),HEX2DEC(T34))) -> 2759 | X34: =SUM(X33+0) -> 7 | Y34: =Y33 -> 15 | Z34: =IF(Z33=30,0,30) -> 30 | AA34: =SUM(AA33+1) -> 31 | AB34: =DEC2HEX(SUM((X34*slots_per_day_1phase)+AA34)*numberofbytes_tostore_1phase) -> 3C36 | AC34: =DEC2HEX(SUM(HEX2DEC(LOAD_SURVEY_BASE_ADRESS),HEX2DEC(AB34))) -> 4EB9 | AF34: =SUM(AF33+0) -> 21 | AG34: =AG33 -> 15 | AH34: =IF(AH33=30,0,30) -> 30 | AI34: =SUM(AI33+1) -> 31 | AJ34: =DEC2HEX(SUM((AF34*slots_per_day_1phase)+AI34)*numberofbytes_tostore_1phase) -> AA76 | AK34: =DEC2HEX(SUM(HEX2DEC(LOAD_SURVEY_BASE_ADRESS),HEX2DEC(AJ34))) -> BCF9 | AN34: =SUM(AN33+0) -> 34 | AO34: =AO33 -> 15 | AP34: =IF(AP33=30,0,30) -> 30 | AQ34: =SUM(AQ33+1) -> 31 | AR34: =DEC2HEX(SUM((AN34*slots_per_day_1phase)+AQ34)*numberofbytes_tostore_1phase) -> 110D6 | AS34: =DEC2HEX(SUM(HEX2DEC(LOAD_SURVEY_BASE_ADRESS),HEX2DEC(AR34))) -> 12359 | AV34: =SUM(AV33+0) -> 60 | AW34: =AW33 -> 15 | AX34: =IF(AX33=30,0,30) -> 30 | AY34: =SUM(AY33+1) -> 31 | AZ34: =DEC2HEX(SUM((AV34*slots_per_day_1phase)+AY34)*numberofbytes_tostore_1phase) -> 1DD96 | BA34: =DEC2HEX(SUM(HEX2DEC(LOAD_SURVEY_BASE_ADRESS),HEX2DEC(AZ34))) -> 1F019
B35: 0 | C35: =SUM(C33+1) -> 16 | D35: =IF(D34=30,0,30) -> 0 | E35: =SUM(E34+1) -> 32 | F35: =DEC2HEX(SUM((B35*slots_per_day_1phase)+E35)*numberofbytes_tostore_1phase) -> 540 | G35: =DEC2HEX(SUM(HEX2DEC(LOAD_SURVEY_BASE_ADRESS),HEX2DEC(F35))) -> 17C3 | I35: 1 | J35: =SUM(J33+1) -> 16 | K35: =IF(K34=30,0,30) -> 0 | L35: =SUM(L34+1) -> 32 | M35: =DEC2HEX(SUM((I35*slots_per_day_1phase)+L35)*numberofbytes_tostore_1phase) -> D20 | N35: =DEC2HEX(SUM(HEX2DEC(LOAD_SURVEY_BASE_ADRESS),HEX2DEC(M35))) -> 1FA3 | P35: =SUM(P34+0) -> 2 | Q35: =SUM(Q33+1) -> 16 | R35: =IF(R34=30,0,30) -> 0 | S35: =SUM(S34+1) -> 32 | T35: =DEC2HEX(SUM((P35*slots_per_day_1phase)+S35)*numberofbytes_tostore_1phase) -> 1500 | U35: =DEC2HEX(SUM(HEX2DEC(LOAD_SURVEY_BASE_ADRESS),HEX2DEC(T35))) -> 2783 | X35: =SUM(X34+0) -> 7 | Y35: =SUM(Y33+1) -> 16 | Z35: =IF(Z34=30,0,30) -> 0 | AA35: =SUM(AA34+1) -> 32 | AB35: =DEC2HEX(SUM((X35*slots_per_day_1phase)+AA35)*numberofbytes_tostore_1phase) -> 3C60 | AC35: =DEC2HEX(SUM(HEX2DEC(LOAD_SURVEY_BASE_ADRESS),HEX2DEC(AB35))) -> 4EE3 | AF35: =SUM(AF34+0) -> 21 | AG35: =SUM(AG33+1) -> 16 | AH35: =IF(AH34=30,0,30) -> 0 | AI35: =SUM(AI34+1) -> 32 | AJ35: =DEC2HEX(SUM((AF35*slots_per_day_1phase)+AI35)*numberofbytes_tostore_1phase) -> AAA0 | AK35: =DEC2HEX(SUM(HEX2DEC(LOAD_SURVEY_BASE_ADRESS),HEX2DEC(AJ35))) -> BD23 | AN35: =SUM(AN34+0) -> 34 | AO35: =SUM(AO33+1) -> 16 | AP35: =IF(AP34=30,0,30) -> 0 | AQ35: =SUM(AQ34+1) -> 32 | AR35: =DEC2HEX(SUM((AN35*slots_per_day_1phase)+AQ35)*numberofbytes_tostore_1phase) -> 11100 | AS35: =DEC2HEX(SUM(HEX2DEC(LOAD_SURVEY_BASE_ADRESS),HEX2DEC(AR35))) -> 12383 | AV35: =SUM(AV34+0) -> 60 | AW35: =SUM(AW33+1) -> 16 | AX35: =IF(AX34=30,0,30) -> 0 | AY35: =SUM(AY34+1) -> 32 | AZ35: =DEC2HEX(SUM((AV35*slots_per_day_1phase)+AY35)*numberofbytes_tostore_1phase) -> 1DDC0 | BA35: =DEC2HEX(SUM(HEX2DEC(LOAD_SURVEY_BASE_ADRESS),HEX2DEC(AZ35))) -> 1F043
B36: 0 | C36: =C35 -> 16 | D36: =IF(D35=30,0,30) -> 30 | E36: =SUM(E35+1) -> 33 | F36: =DEC2HEX(SUM((B36*slots_per_day_1phase)+E36)*numberofbytes_tostore_1phase) -> 56A | G36: =DEC2HEX(SUM(HEX2DEC(LOAD_SURVEY_BASE_ADRESS),HEX2DEC(F36))) -> 17ED | I36: 1 | J36: =J35 -> 16 | K36: =IF(K35=30,0,30) -> 30 | L36: =SUM(L35+1) -> 33 | M36: =DEC2HEX(SUM((I36*slots_per_day_1phase)+L36)*numberofbytes_tostore_1phase) -> D4A | N36: =DEC2HEX(SUM(HEX2DEC(LOAD_SURVEY_BASE_ADRESS),HEX2DEC(M36))) -> 1FCD | P36: =SUM(P35+0) -> 2 | Q36: =Q35 -> 16 | R36: =IF(R35=30,0,30) -> 30 | S36: =SUM(S35+1) -> 33 | T36: =DEC2HEX(SUM((P36*slots_per_day_1phase)+S36)*numberofbytes_tostore_1phase) -> 152A | U36: =DEC2HEX(SUM(HEX2DEC(LOAD_SURVEY_BASE_ADRESS),HEX2DEC(T36))) -> 27AD | X36: =SUM(X35+0) -> 7 | Y36: =Y35 -> 16 | Z36: =IF(Z35=30,0,30) -> 30 | AA36: =SUM(AA35+1) -> 33 | AB36: =DEC2HEX(SUM((X36*slots_per_day_1phase)+AA36)*numberofbytes_tostore_1phase) -> 3C8A | AC36: =DEC2HEX(SUM(HEX2DEC(LOAD_SURVEY_BASE_ADRESS),HEX2DEC(AB36))) -> 4F0D | AF36: =SUM(AF35+0) -> 21 | AG36: =AG35 -> 16 | AH36: =IF(AH35=30,0,30) -> 30 | AI36: =SUM(AI35+1) -> 33 | AJ36: =DEC2HEX(SUM((AF36*slots_per_day_1phase)+AI36)*numberofbytes_tostore_1phase) -> AACA | AK36: =DEC2HEX(SUM(HEX2DEC(LOAD_SURVEY_BASE_ADRESS),HEX2DEC(AJ36))) -> BD4D | AN36: =SUM(AN35+0) -> 34 | AO36: =AO35 -> 16 | AP36: =IF(AP35=30,0,30) -> 30 | AQ36: =SUM(AQ35+1) -> 33 | AR36: =DEC2HEX(SUM((AN36*slots_per_day_1phase)+AQ36)*numberofbytes_tostore_1phase) -> 1112A | AS36: =DEC2HEX(SUM(HEX2DEC(LOAD_SURVEY_BASE_ADRESS),HEX2DEC(AR36))) -> 123AD | AV36: =SUM(AV35+0) -> 60 | AW36: =AW35 -> 16 | AX36: =IF(AX35=30,0,30) -> 30 | AY36: =SUM(AY35+1) -> 33 | AZ36: =DEC2HEX(SUM((AV36*slots_per_day_1phase)+AY36)*numberofbytes_tostore_1phase) -> 1DDEA | BA36: =DEC2HEX(SUM(HEX2DEC(LOAD_SURVEY_BASE_ADRESS),HEX2DEC(AZ36))) -> 1F06D
B37: 0 | C37: =SUM(C35+1) -> 17 | D37: =IF(D36=30,0,30) -> 0 | E37: =SUM(E36+1) -> 34 | F37: =DEC2HEX(SUM((B37*slots_per_day_1phase)+E37)*numberofbytes_tostore_1phase) -> 594 | G37: =DEC2HEX(SUM(HEX2DEC(LOAD_SURVEY_BASE_ADRESS),HEX2DEC(F37))) -> 1817 | I37: 1 | J37: =SUM(J35+1) -> 17 | K37: =IF(K36=30,0,30) -> 0 | L37: =SUM(L36+1) -> 34 | M37: =DEC2HEX(SUM((I37*slots_per_day_1phase)+L37)*numberofbytes_tostore_1phase) -> D74 | N37: =DEC2HEX(SUM(HEX2DEC(LOAD_SURVEY_BASE_ADRESS),HEX2DEC(M37))) -> 1FF7 | P37: =SUM(P36+0) -> 2 | Q37: =SUM(Q35+1) -> 17 | R37: =IF(R36=30,0,30) -> 0 | S37: =SUM(S36+1) -> 34 | T37: =DEC2HEX(SUM((P37*slots_per_day_1phase)+S37)*numberofbytes_tostore_1phase) -> 1554 | U37: =DEC2HEX(SUM(HEX2DEC(LOAD_SURVEY_BASE_ADRESS),HEX2DEC(T37))) -> 27D7 | X37: =SUM(X36+0) -> 7 | Y37: =SUM(Y35+1) -> 17 | Z37: =IF(Z36=30,0,30) -> 0 | AA37: =SUM(AA36+1) -> 34 | AB37: =DEC2HEX(SUM((X37*slots_per_day_1phase)+AA37)*numberofbytes_tostore_1phase) -> 3CB4 | AC37: =DEC2HEX(SUM(HEX2DEC(LOAD_SURVEY_BASE_ADRESS),HEX2DEC(AB37))) -> 4F37 | AF37: =SUM(AF36+0) -> 21 | AG37: =SUM(AG35+1) -> 17 | AH37: =IF(AH36=30,0,30) -> 0 | AI37: =SUM(AI36+1) -> 34 | AJ37: =DEC2HEX(SUM((AF37*slots_per_day_1phase)+AI37)*numberofbytes_tostore_1phase) -> AAF4 | AK37: =DEC2HEX(SUM(HEX2DEC(LOAD_SURVEY_BASE_ADRESS),HEX2DEC(AJ37))) -> BD77 | AN37: =SUM(AN36+0) -> 34 | AO37: =SUM(AO35+1) -> 17 | AP37: =IF(AP36=30,0,30) -> 0 | AQ37: =SUM(AQ36+1) -> 34 | AR37: =DEC2HEX(SUM((AN37*slots_per_day_1phase)+AQ37)*numberofbytes_tostore_1phase) -> 11154 | AS37: =DEC2HEX(SUM(HEX2DEC(LOAD_SURVEY_BASE_ADRESS),HEX2DEC(AR37))) -> 123D7 | AV37: =SUM(AV36+0) -> 60 | AW37: =SUM(AW35+1) -> 17 | AX37: =IF(AX36=30,0,30) -> 0 | AY37: =SUM(AY36+1) -> 34 | AZ37: =DEC2HEX(SUM((AV37*slots_per_day_1phase)+AY37)*numberofbytes_tostore_1phase) -> 1DE14 | BA37: =DEC2HEX(SUM(HEX2DEC(LOAD_SURVEY_BASE_ADRESS),HEX2DEC(AZ37))) -> 1F097
B38: 0 | C38: =C37 -> 17 | D38: =IF(D37=30,0,30) -> 30 | E38: =SUM(E37+1) -> 35 | F38: =DEC2HEX(SUM((B38*slots_per_day_1phase)+E38)*numberofbytes_tostore_1phase) -> 5BE | G38: =DEC2HEX(SUM(HEX2DEC(LOAD_SURVEY_BASE_ADRESS),HEX2DEC(F38))) -> 1841 | I38: 1 | J38: =J37 -> 17 | K38: =IF(K37=30,0,30) -> 30 | L38: =SUM(L37+1) -> 35 | M38: =DEC2HEX(SUM((I38*slots_per_day_1phase)+L38)*numberofbytes_tostore_1phase) -> D9E | N38: =DEC2HEX(SUM(HEX2DEC(LOAD_SURVEY_BASE_ADRESS),HEX2DEC(M38))) -> 2021 | P38: =SUM(P37+0) -> 2 | Q38: =Q37 -> 17 | R38: =IF(R37=30,0,30) -> 30 | S38: =SUM(S37+1) -> 35 | T38: =DEC2HEX(SUM((P38*slots_per_day_1phase)+S38)*numberofbytes_tostore_1phase) -> 157E | U38: =DEC2HEX(SUM(HEX2DEC(LOAD_SURVEY_BASE_ADRESS),HEX2DEC(T38))) -> 2801 | X38: =SUM(X37+0) -> 7 | Y38: =Y37 -> 17 | Z38: =IF(Z37=30,0,30) -> 30 | AA38: =SUM(AA37+1) -> 35 | AB38: =DEC2HEX(SUM((X38*slots_per_day_1phase)+AA38)*numberofbytes_tostore_1phase) -> 3CDE | AC38: =DEC2HEX(SUM(HEX2DEC(LOAD_SURVEY_BASE_ADRESS),HEX2DEC(AB38))) -> 4F61 | AF38: =SUM(AF37+0) -> 21 | AG38: =AG37 -> 17 | AH38: =IF(AH37=30,0,30) -> 30 | AI38: =SUM(AI37+1) -> 35 | AJ38: =DEC2HEX(SUM((AF38*slots_per_day_1phase)+AI38)*numberofbytes_tostore_1phase) -> AB1E | AK38: =DEC2HEX(SUM(HEX2DEC(LOAD_SURVEY_BASE_ADRESS),HEX2DEC(AJ38))) -> BDA1 | AN38: =SUM(AN37+0) -> 34 | AO38: =AO37 -> 17 | AP38: =IF(AP37=30,0,30) -> 30 | AQ38: =SUM(AQ37+1) -> 35 | AR38: =DEC2HEX(SUM((AN38*slots_per_day_1phase)+AQ38)*numberofbytes_tostore_1phase) -> 1117E | AS38: =DEC2HEX(SUM(HEX2DEC(LOAD_SURVEY_BASE_ADRESS),HEX2DEC(AR38))) -> 12401 | AV38: =SUM(AV37+0) -> 60 | AW38: =AW37 -> 17 | AX38: =IF(AX37=30,0,30) -> 30 | AY38: =SUM(AY37+1) -> 35 | AZ38: =DEC2HEX(SUM((AV38*slots_per_day_1phase)+AY38)*numberofbytes_tostore_1phase) -> 1DE3E | BA38: =DEC2HEX(SUM(HEX2DEC(LOAD_SURVEY_BASE_ADRESS),HEX2DEC(AZ38))) -> 1F0C1
B39: 0 | C39: =SUM(C37+1) -> 18 | D39: =IF(D38=30,0,30) -> 0 | E39: =SUM(E38+1) -> 36 | F39: =DEC2HEX(SUM((B39*slots_per_day_1phase)+E39)*numberofbytes_tostore_1phase) -> 5E8 | G39: =DEC2HEX(SUM(HEX2DEC(LOAD_SURVEY_BASE_ADRESS),HEX2DEC(F39))) -> 186B | I39: 1 | J39: =SUM(J37+1) -> 18 | K39: =IF(K38=30,0,30) -> 0 | L39: =SUM(L38+1) -> 36 | M39: =DEC2HEX(SUM((I39*slots_per_day_1phase)+L39)*numberofbytes_tostore_1phase) -> DC8 | N39: =DEC2HEX(SUM(HEX2DEC(LOAD_SURVEY_BASE_ADRESS),HEX2DEC(M39))) -> 204B | P39: =SUM(P38+0) -> 2 | Q39: =SUM(Q37+1) -> 18 | R39: =IF(R38=30,0,30) -> 0 | S39: =SUM(S38+1) -> 36 | T39: =DEC2HEX(SUM((P39*slots_per_day_1phase)+S39)*numberofbytes_tostore_1phase) -> 15A8 | U39: =DEC2HEX(SUM(HEX2DEC(LOAD_SURVEY_BASE_ADRESS),HEX2DEC(T39))) -> 282B | X39: =SUM(X38+0) -> 7 | Y39: =SUM(Y37+1) -> 18 | Z39: =IF(Z38=30,0,30) -> 0 | AA39: =SUM(AA38+1) -> 36 | AB39: =DEC2HEX(SUM((X39*slots_per_day_1phase)+AA39)*numberofbytes_tostore_1phase) -> 3D08 | AC39: =DEC2HEX(SUM(HEX2DEC(LOAD_SURVEY_BASE_ADRESS),HEX2DEC(AB39))) -> 4F8B | AF39: =SUM(AF38+0) -> 21 | AG39: =SUM(AG37+1) -> 18 | AH39: =IF(AH38=30,0,30) -> 0 | AI39: =SUM(AI38+1) -> 36 | AJ39: =DEC2HEX(SUM((AF39*slots_per_day_1phase)+AI39)*numberofbytes_tostore_1phase) -> AB48 | AK39: =DEC2HEX(SUM(HEX2DEC(LOAD_SURVEY_BASE_ADRESS),HEX2DEC(AJ39))) -> BDCB | AN39: =SUM(AN38+0) -> 34 | AO39: =SUM(AO37+1) -> 18 | AP39: =IF(AP38=30,0,30) -> 0 | AQ39: =SUM(AQ38+1) -> 36 | AR39: =DEC2HEX(SUM((AN39*slots_per_day_1phase)+AQ39)*numberofbytes_tostore_1phase) -> 111A8 | AS39: =DEC2HEX(SUM(HEX2DEC(LOAD_SURVEY_BASE_ADRESS),HEX2DEC(AR39))) -> 1242B | AV39: =SUM(AV38+0) -> 60 | AW39: =SUM(AW37+1) -> 18 | AX39: =IF(AX38=30,0,30) -> 0 | AY39: =SUM(AY38+1) -> 36 | AZ39: =DEC2HEX(SUM((AV39*slots_per_day_1phase)+AY39)*numberofbytes_tostore_1phase) -> 1DE68 | BA39: =DEC2HEX(SUM(HEX2DEC(LOAD_SURVEY_BASE_ADRESS),HEX2DEC(AZ39))) -> 1F0EB
B40: 0 | C40: =C39 -> 18 | D40: =IF(D39=30,0,30) -> 30 | E40: =SUM(E39+1) -> 37 | F40: =DEC2HEX(SUM((B40*slots_per_day_1phase)+E40)*numberofbytes_tostore_1phase) -> 612 | G40: =DEC2HEX(SUM(HEX2DEC(LOAD_SURVEY_BASE_ADRESS),HEX2DEC(F40))) -> 1895 | I40: 1 | J40: =J39 -> 18 | K40: =IF(K39=30,0,30) -> 30 | L40: =SUM(L39+1) -> 37 | M40: =DEC2HEX(SUM((I40*slots_per_day_1phase)+L40)*numberofbytes_tostore_1phase) -> DF2 | N40: =DEC2HEX(SUM(HEX2DEC(LOAD_SURVEY_BASE_ADRESS),HEX2DEC(M40))) -> 2075 | P40: =SUM(P39+0) -> 2 | Q40: =Q39 -> 18 | R40: =IF(R39=30,0,30) -> 30 | S40: =SUM(S39+1) -> 37 | T40: =DEC2HEX(SUM((P40*slots_per_day_1phase)+S40)*numberofbytes_tostore_1phase) -> 15D2 | U40: =DEC2HEX(SUM(HEX2DEC(LOAD_SURVEY_BASE_ADRESS),HEX2DEC(T40))) -> 2855 | X40: =SUM(X39+0) -> 7 | Y40: =Y39 -> 18 | Z40: =IF(Z39=30,0,30) -> 30 | AA40: =SUM(AA39+1) -> 37 | AB40: =DEC2HEX(SUM((X40*slots_per_day_1phase)+AA40)*numberofbytes_tostore_1phase) -> 3D32 | AC40: =DEC2HEX(SUM(HEX2DEC(LOAD_SURVEY_BASE_ADRESS),HEX2DEC(AB40))) -> 4FB5 | AF40: =SUM(AF39+0) -> 21 | AG40: =AG39 -> 18 | AH40: =IF(AH39=30,0,30) -> 30 | AI40: =SUM(AI39+1) -> 37 | AJ40: =DEC2HEX(SUM((AF40*slots_per_day_1phase)+AI40)*numberofbytes_tostore_1phase) -> AB72 | AK40: =DEC2HEX(SUM(HEX2DEC(LOAD_SURVEY_BASE_ADRESS),HEX2DEC(AJ40))) -> BDF5 | AN40: =SUM(AN39+0) -> 34 | AO40: =AO39 -> 18 | AP40: =IF(AP39=30,0,30) -> 30 | AQ40: =SUM(AQ39+1) -> 37 | AR40: =DEC2HEX(SUM((AN40*slots_per_day_1phase)+AQ40)*numberofbytes_tostore_1phase) -> 111D2 | AS40: =DEC2HEX(SUM(HEX2DEC(LOAD_SURVEY_BASE_ADRESS),HEX2DEC(AR40))) -> 12455 | AV40: =SUM(AV39+0) -> 60 | AW40: =AW39 -> 18 | AX40: =IF(AX39=30,0,30) -> 30 | AY40: =SUM(AY39+1) -> 37 | AZ40: =DEC2HEX(SUM((AV40*slots_per_day_1phase)+AY40)*numberofbytes_tostore_1phase) -> 1DE92 | BA40: =DEC2HEX(SUM(HEX2DEC(LOAD_SURVEY_BASE_ADRESS),HEX2DEC(AZ40))) -> 1F115
B41: 0 | C41: =SUM(C39+1) -> 19 | D41: =IF(D40=30,0,30) -> 0 | E41: =SUM(E40+1) -> 38 | F41: =DEC2HEX(SUM((B41*slots_per_day_1phase)+E41)*numberofbytes_tostore_1phase) -> 63C | G41: =DEC2HEX(SUM(HEX2DEC(LOAD_SURVEY_BASE_ADRESS),HEX2DEC(F41))) -> 18BF | I41: 1 | J41: =SUM(J39+1) -> 19 | K41: =IF(K40=30,0,30) -> 0 | L41: =SUM(L40+1) -> 38 | M41: =DEC2HEX(SUM((I41*slots_per_day_1phase)+L41)*numberofbytes_tostore_1phase) -> E1C | N41: =DEC2HEX(SUM(HEX2DEC(LOAD_SURVEY_BASE_ADRESS),HEX2DEC(M41))) -> 209F | P41: =SUM(P40+0) -> 2 | Q41: =SUM(Q39+1) -> 19 | R41: =IF(R40=30,0,30) -> 0 | S41: =SUM(S40+1) -> 38 | T41: =DEC2HEX(SUM((P41*slots_per_day_1phase)+S41)*numberofbytes_tostore_1phase) -> 15FC | U41: =DEC2HEX(SUM(HEX2DEC(LOAD_SURVEY_BASE_ADRESS),HEX2DEC(T41))) -> 287F | X41: =SUM(X40+0) -> 7 | Y41: =SUM(Y39+1) -> 19 | Z41: =IF(Z40=30,0,30) -> 0 | AA41: =SUM(AA40+1) -> 38 | AB41: =DEC2HEX(SUM((X41*slots_per_day_1phase)+AA41)*numberofbytes_tostore_1phase) -> 3D5C | AC41: =DEC2HEX(SUM(HEX2DEC(LOAD_SURVEY_BASE_ADRESS),HEX2DEC(AB41))) -> 4FDF | AF41: =SUM(AF40+0) -> 21 | AG41: =SUM(AG39+1) -> 19 | AH41: =IF(AH40=30,0,30) -> 0 | AI41: =SUM(AI40+1) -> 38 | AJ41: =DEC2HEX(SUM((AF41*slots_per_day_1phase)+AI41)*numberofbytes_tostore_1phase) -> AB9C | AK41: =DEC2HEX(SUM(HEX2DEC(LOAD_SURVEY_BASE_ADRESS),HEX2DEC(AJ41))) -> BE1F | AN41: =SUM(AN40+0) -> 34 | AO41: =SUM(AO39+1) -> 19 | AP41: =IF(AP40=30,0,30) -> 0 | AQ41: =SUM(AQ40+1) -> 38 | AR41: =DEC2HEX(SUM((AN41*slots_per_day_1phase)+AQ41)*numberofbytes_tostore_1phase) -> 111FC | AS41: =DEC2HEX(SUM(HEX2DEC(LOAD_SURVEY_BASE_ADRESS),HEX2DEC(AR41))) -> 1247F | AV41: =SUM(AV40+0) -> 60 | AW41: =SUM(AW39+1) -> 19 | AX41: =IF(AX40=30,0,30) -> 0 | AY41: =SUM(AY40+1) -> 38 | AZ41: =DEC2HEX(SUM((AV41*slots_per_day_1phase)+AY41)*numberofbytes_tostore_1phase) -> 1DEBC | BA41: =DEC2HEX(SUM(HEX2DEC(LOAD_SURVEY_BASE_ADRESS),HEX2DEC(AZ41))) -> 1F13F
B42: 0 | C42: =C41 -> 19 | D42: =IF(D41=30,0,30) -> 30 | E42: =SUM(E41+1) -> 39 | F42: =DEC2HEX(SUM((B42*slots_per_day_1phase)+E42)*numberofbytes_tostore_1phase) -> 666 | G42: =DEC2HEX(SUM(HEX2DEC(LOAD_SURVEY_BASE_ADRESS),HEX2DEC(F42))) -> 18E9 | I42: 1 | J42: =J41 -> 19 | K42: =IF(K41=30,0,30) -> 30 | L42: =SUM(L41+1) -> 39 | M42: =DEC2HEX(SUM((I42*slots_per_day_1phase)+L42)*numberofbytes_tostore_1phase) -> E46 | N42: =DEC2HEX(SUM(HEX2DEC(LOAD_SURVEY_BASE_ADRESS),HEX2DEC(M42))) -> 20C9 | P42: =SUM(P41+0) -> 2 | Q42: =Q41 -> 19 | R42: =IF(R41=30,0,30) -> 30 | S42: =SUM(S41+1) -> 39 | T42: =DEC2HEX(SUM((P42*slots_per_day_1phase)+S42)*numberofbytes_tostore_1phase) -> 1626 | U42: =DEC2HEX(SUM(HEX2DEC(LOAD_SURVEY_BASE_ADRESS),HEX2DEC(T42))) -> 28A9 | X42: =SUM(X41+0) -> 7 | Y42: =Y41 -> 19 | Z42: =IF(Z41=30,0,30) -> 30 | AA42: =SUM(AA41+1) -> 39 | AB42: =DEC2HEX(SUM((X42*slots_per_day_1phase)+AA42)*numberofbytes_tostore_1phase) -> 3D86 | AC42: =DEC2HEX(SUM(HEX2DEC(LOAD_SURVEY_BASE_ADRESS),HEX2DEC(AB42))) -> 5009 | AF42: =SUM(AF41+0) -> 21 | AG42: =AG41 -> 19 | AH42: =IF(AH41=30,0,30) -> 30 | AI42: =SUM(AI41+1) -> 39 | AJ42: =DEC2HEX(SUM((AF42*slots_per_day_1phase)+AI42)*numberofbytes_tostore_1phase) -> ABC6 | AK42: =DEC2HEX(SUM(HEX2DEC(LOAD_SURVEY_BASE_ADRESS),HEX2DEC(AJ42))) -> BE49 | AN42: =SUM(AN41+0) -> 34 | AO42: =AO41 -> 19 | AP42: =IF(AP41=30,0,30) -> 30 | AQ42: =SUM(AQ41+1) -> 39 | AR42: =DEC2HEX(SUM((AN42*slots_per_day_1phase)+AQ42)*numberofbytes_tostore_1phase) -> 11226 | AS42: =DEC2HEX(SUM(HEX2DEC(LOAD_SURVEY_BASE_ADRESS),HEX2DEC(AR42))) -> 124A9 | AV42: =SUM(AV41+0) -> 60 | AW42: =AW41 -> 19 | AX42: =IF(AX41=30,0,30) -> 30 | AY42: =SUM(AY41+1) -> 39 | AZ42: =DEC2HEX(SUM((AV42*slots_per_day_1phase)+AY42)*numberofbytes_tostore_1phase) -> 1DEE6 | BA42: =DEC2HEX(SUM(HEX2DEC(LOAD_SURVEY_BASE_ADRESS),HEX2DEC(AZ42))) -> 1F169
B43: 0 | C43: =SUM(C41+1) -> 20 | D43: =IF(D42=30,0,30) -> 0 | E43: =SUM(E42+1) -> 40 | F43: =DEC2HEX(SUM((B43*slots_per_day_1phase)+E43)*numberofbytes_tostore_1phase) -> 690 | G43: =DEC2HEX(SUM(HEX2DEC(LOAD_SURVEY_BASE_ADRESS),HEX2DEC(F43))) -> 1913 | I43: 1 | J43: =SUM(J41+1) -> 20 | K43: =IF(K42=30,0,30) -> 0 | L43: =SUM(L42+1) -> 40 | M43: =DEC2HEX(SUM((I43*slots_per_day_1phase)+L43)*numberofbytes_tostore_1phase) -> E70 | N43: =DEC2HEX(SUM(HEX2DEC(LOAD_SURVEY_BASE_ADRESS),HEX2DEC(M43))) -> 20F3 | P43: =SUM(P42+0) -> 2 | Q43: =SUM(Q41+1) -> 20 | R43: =IF(R42=30,0,30) -> 0 | S43: =SUM(S42+1) -> 40 | T43: =DEC2HEX(SUM((P43*slots_per_day_1phase)+S43)*numberofbytes_tostore_1phase) -> 1650 | U43: =DEC2HEX(SUM(HEX2DEC(LOAD_SURVEY_BASE_ADRESS),HEX2DEC(T43))) -> 28D3 | X43: =SUM(X42+0) -> 7 | Y43: =SUM(Y41+1) -> 20 | Z43: =IF(Z42=30,0,30) -> 0 | AA43: =SUM(AA42+1) -> 40 | AB43: =DEC2HEX(SUM((X43*slots_per_day_1phase)+AA43)*numberofbytes_tostore_1phase) -> 3DB0 | AC43: =DEC2HEX(SUM(HEX2DEC(LOAD_SURVEY_BASE_ADRESS),HEX2DEC(AB43))) -> 5033 | AF43: =SUM(AF42+0) -> 21 | AG43: =SUM(AG41+1) -> 20 | AH43: =IF(AH42=30,0,30) -> 0 | AI43: =SUM(AI42+1) -> 40 | AJ43: =DEC2HEX(SUM((AF43*slots_per_day_1phase)+AI43)*numberofbytes_tostore_1phase) -> ABF0 | AK43: =DEC2HEX(SUM(HEX2DEC(LOAD_SURVEY_BASE_ADRESS),HEX2DEC(AJ43))) -> BE73 | AN43: =SUM(AN42+0) -> 34 | AO43: =SUM(AO41+1) -> 20 | AP43: =IF(AP42=30,0,30) -> 0 | AQ43: =SUM(AQ42+1) -> 40 | AR43: =DEC2HEX(SUM((AN43*slots_per_day_1phase)+AQ43)*numberofbytes_tostore_1phase) -> 11250 | AS43: =DEC2HEX(SUM(HEX2DEC(LOAD_SURVEY_BASE_ADRESS),HEX2DEC(AR43))) -> 124D3 | AV43: =SUM(AV42+0) -> 60 | AW43: =SUM(AW41+1) -> 20 | AX43: =IF(AX42=30,0,30) -> 0 | AY43: =SUM(AY42+1) -> 40 | AZ43: =DEC2HEX(SUM((AV43*slots_per_day_1phase)+AY43)*numberofbytes_tostore_1phase) -> 1DF10 | BA43: =DEC2HEX(SUM(HEX2DEC(LOAD_SURVEY_BASE_ADRESS),HEX2DEC(AZ43))) -> 1F193
B44: 0 | C44: =C43 -> 20 | D44: =IF(D43=30,0,30) -> 30 | E44: =SUM(E43+1) -> 41 | F44: =DEC2HEX(SUM((B44*slots_per_day_1phase)+E44)*numberofbytes_tostore_1phase) -> 6BA | G44: =DEC2HEX(SUM(HEX2DEC(LOAD_SURVEY_BASE_ADRESS),HEX2DEC(F44))) -> 193D | I44: 1 | J44: =J43 -> 20 | K44: =IF(K43=30,0,30) -> 30 | L44: =SUM(L43+1) -> 41 | M44: =DEC2HEX(SUM((I44*slots_per_day_1phase)+L44)*numberofbytes_tostore_1phase) -> E9A | N44: =DEC2HEX(SUM(HEX2DEC(LOAD_SURVEY_BASE_ADRESS),HEX2DEC(M44))) -> 211D | P44: =SUM(P43+0) -> 2 | Q44: =Q43 -> 20 | R44: =IF(R43=30,0,30) -> 30 | S44: =SUM(S43+1) -> 41 | T44: =DEC2HEX(SUM((P44*slots_per_day_1phase)+S44)*numberofbytes_tostore_1phase) -> 167A | U44: =DEC2HEX(SUM(HEX2DEC(LOAD_SURVEY_BASE_ADRESS),HEX2DEC(T44))) -> 28FD | X44: =SUM(X43+0) -> 7 | Y44: =Y43 -> 20 | Z44: =IF(Z43=30,0,30) -> 30 | AA44: =SUM(AA43+1) -> 41 | AB44: =DEC2HEX(SUM((X44*slots_per_day_1phase)+AA44)*numberofbytes_tostore_1phase) -> 3DDA | AC44: =DEC2HEX(SUM(HEX2DEC(LOAD_SURVEY_BASE_ADRESS),HEX2DEC(AB44))) -> 505D | AF44: =SUM(AF43+0) -> 21 | AG44: =AG43 -> 20 | AH44: =IF(AH43=30,0,30) -> 30 | AI44: =SUM(AI43+1) -> 41 | AJ44: =DEC2HEX(SUM((AF44*slots_per_day_1phase)+AI44)*numberofbytes_tostore_1phase) -> AC1A | AK44: =DEC2HEX(SUM(HEX2DEC(LOAD_SURVEY_BASE_ADRESS),HEX2DEC(AJ44))) -> BE9D | AN44: =SUM(AN43+0) -> 34 | AO44: =AO43 -> 20 | AP44: =IF(AP43=30,0,30) -> 30 | AQ44: =SUM(AQ43+1) -> 41 | AR44: =DEC2HEX(SUM((AN44*slots_per_day_1phase)+AQ44)*numberofbytes_tostore_1phase) -> 1127A | AS44: =DEC2HEX(SUM(HEX2DEC(LOAD_SURVEY_BASE_ADRESS),HEX2DEC(AR44))) -> 124FD | AV44: =SUM(AV43+0) -> 60 | AW44: =AW43 -> 20 | AX44: =IF(AX43=30,0,30) -> 30 | AY44: =SUM(AY43+1) -> 41 | AZ44: =DEC2HEX(SUM((AV44*slots_per_day_1phase)+AY44)*numberofbytes_tostore_1phase) -> 1DF3A | BA44: =DEC2HEX(SUM(HEX2DEC(LOAD_SURVEY_BASE_ADRESS),HEX2DEC(AZ44))) -> 1F1BD
B45: 0 | C45: =SUM(C43+1) -> 21 | D45: =IF(D44=30,0,30) -> 0 | E45: =SUM(E44+1) -> 42 | F45: =DEC2HEX(SUM((B45*slots_per_day_1phase)+E45)*numberofbytes_tostore_1phase) -> 6E4 | G45: =DEC2HEX(SUM(HEX2DEC(LOAD_SURVEY_BASE_ADRESS),HEX2DEC(F45))) -> 1967 | I45: 1 | J45: =SUM(J43+1) -> 21 | K45: =IF(K44=30,0,30) -> 0 | L45: =SUM(L44+1) -> 42 | M45: =DEC2HEX(SUM((I45*slots_per_day_1phase)+L45)*numberofbytes_tostore_1phase) -> EC4 | N45: =DEC2HEX(SUM(HEX2DEC(LOAD_SURVEY_BASE_ADRESS),HEX2DEC(M45))) -> 2147 | P45: =SUM(P44+0) -> 2 | Q45: =SUM(Q43+1) -> 21 | R45: =IF(R44=30,0,30) -> 0 | S45: =SUM(S44+1) -> 42 | T45: =DEC2HEX(SUM((P45*slots_per_day_1phase)+S45)*numberofbytes_tostore_1phase) -> 16A4 | U45: =DEC2HEX(SUM(HEX2DEC(LOAD_SURVEY_BASE_ADRESS),HEX2DEC(T45))) -> 2927 | X45: =SUM(X44+0) -> 7 | Y45: =SUM(Y43+1) -> 21 | Z45: =IF(Z44=30,0,30) -> 0 | AA45: =SUM(AA44+1) -> 42 | AB45: =DEC2HEX(SUM((X45*slots_per_day_1phase)+AA45)*numberofbytes_tostore_1phase) -> 3E04 | AC45: =DEC2HEX(SUM(HEX2DEC(LOAD_SURVEY_BASE_ADRESS),HEX2DEC(AB45))) -> 5087 | AF45: =SUM(AF44+0) -> 21 | AG45: =SUM(AG43+1) -> 21 | AH45: =IF(AH44=30,0,30) -> 0 | AI45: =SUM(AI44+1) -> 42 | AJ45: =DEC2HEX(SUM((AF45*slots_per_day_1phase)+AI45)*numberofbytes_tostore_1phase) -> AC44 | AK45: =DEC2HEX(SUM(HEX2DEC(LOAD_SURVEY_BASE_ADRESS),HEX2DEC(AJ45))) -> BEC7 | AN45: =SUM(AN44+0) -> 34 | AO45: =SUM(AO43+1) -> 21 | AP45: =IF(AP44=30,0,30) -> 0 | AQ45: =SUM(AQ44+1) -> 42 | AR45: =DEC2HEX(SUM((AN45*slots_per_day_1phase)+AQ45)*numberofbytes_tostore_1phase) -> 112A4 | AS45: =DEC2HEX(SUM(HEX2DEC(LOAD_SURVEY_BASE_ADRESS),HEX2DEC(AR45))) -> 12527 | AV45: =SUM(AV44+0) -> 60 | AW45: =SUM(AW43+1) -> 21 | AX45: =IF(AX44=30,0,30) -> 0 | AY45: =SUM(AY44+1) -> 42 | AZ45: =DEC2HEX(SUM((AV45*slots_per_day_1phase)+AY45)*numberofbytes_tostore_1phase) -> 1DF64 | BA45: =DEC2HEX(SUM(HEX2DEC(LOAD_SURVEY_BASE_ADRESS),HEX2DEC(AZ45))) -> 1F1E7
B46: 0 | C46: =C45 -> 21 | D46: =IF(D45=30,0,30) -> 30 | E46: =SUM(E45+1) -> 43 | F46: =DEC2HEX(SUM((B46*slots_per_day_1phase)+E46)*numberofbytes_tostore_1phase) -> 70E | G46: =DEC2HEX(SUM(HEX2DEC(LOAD_SURVEY_BASE_ADRESS),HEX2DEC(F46))) -> 1991 | I46: 1 | J46: =J45 -> 21 | K46: =IF(K45=30,0,30) -> 30 | L46: =SUM(L45+1) -> 43 | M46: =DEC2HEX(SUM((I46*slots_per_day_1phase)+L46)*numberofbytes_tostore_1phase) -> EEE | N46: =DEC2HEX(SUM(HEX2DEC(LOAD_SURVEY_BASE_ADRESS),HEX2DEC(M46))) -> 2171 | P46: =SUM(P45+0) -> 2 | Q46: =Q45 -> 21 | R46: =IF(R45=30,0,30) -> 30 | S46: =SUM(S45+1) -> 43 | T46: =DEC2HEX(SUM((P46*slots_per_day_1phase)+S46)*numberofbytes_tostore_1phase) -> 16CE | U46: =DEC2HEX(SUM(HEX2DEC(LOAD_SURVEY_BASE_ADRESS),HEX2DEC(T46))) -> 2951 | X46: =SUM(X45+0) -> 7 | Y46: =Y45 -> 21 | Z46: =IF(Z45=30,0,30) -> 30 | AA46: =SUM(AA45+1) -> 43 | AB46: =DEC2HEX(SUM((X46*slots_per_day_1phase)+AA46)*numberofbytes_tostore_1phase) -> 3E2E | AC46: =DEC2HEX(SUM(HEX2DEC(LOAD_SURVEY_BASE_ADRESS),HEX2DEC(AB46))) -> 50B1 | AF46: =SUM(AF45+0) -> 21 | AG46: =AG45 -> 21 | AH46: =IF(AH45=30,0,30) -> 30 | AI46: =SUM(AI45+1) -> 43 | AJ46: =DEC2HEX(SUM((AF46*slots_per_day_1phase)+AI46)*numberofbytes_tostore_1phase) -> AC6E | AK46: =DEC2HEX(SUM(HEX2DEC(LOAD_SURVEY_BASE_ADRESS),HEX2DEC(AJ46))) -> BEF1 | AN46: =SUM(AN45+0) -> 34 | AO46: =AO45 -> 21 | AP46: =IF(AP45=30,0,30) -> 30 | AQ46: =SUM(AQ45+1) -> 43 | AR46: =DEC2HEX(SUM((AN46*slots_per_day_1phase)+AQ46)*numberofbytes_tostore_1phase) -> 112CE | AS46: =DEC2HEX(SUM(HEX2DEC(LOAD_SURVEY_BASE_ADRESS),HEX2DEC(AR46))) -> 12551 | AV46: =SUM(AV45+0) -> 60 | AW46: =AW45 -> 21 | AX46: =IF(AX45=30,0,30) -> 30 | AY46: =SUM(AY45+1) -> 43 | AZ46: =DEC2HEX(SUM((AV46*slots_per_day_1phase)+AY46)*numberofbytes_tostore_1phase) -> 1DF8E | BA46: =DEC2HEX(SUM(HEX2DEC(LOAD_SURVEY_BASE_ADRESS),HEX2DEC(AZ46))) -> 1F211
B47: 0 | C47: =SUM(C45+1) -> 22 | D47: =IF(D46=30,0,30) -> 0 | E47: =SUM(E46+1) -> 44 | F47: =DEC2HEX(SUM((B47*slots_per_day_1phase)+E47)*numberofbytes_tostore_1phase) -> 738 | G47: =DEC2HEX(SUM(HEX2DEC(LOAD_SURVEY_BASE_ADRESS),HEX2DEC(F47))) -> 19BB | I47: 1 | J47: =SUM(J45+1) -> 22 | K47: =IF(K46=30,0,30) -> 0 | L47: =SUM(L46+1) -> 44 | M47: =DEC2HEX(SUM((I47*slots_per_day_1phase)+L47)*numberofbytes_tostore_1phase) -> F18 | N47: =DEC2HEX(SUM(HEX2DEC(LOAD_SURVEY_BASE_ADRESS),HEX2DEC(M47))) -> 219B | P47: =SUM(P46+0) -> 2 | Q47: =SUM(Q45+1) -> 22 | R47: =IF(R46=30,0,30) -> 0 | S47: =SUM(S46+1) -> 44 | T47: =DEC2HEX(SUM((P47*slots_per_day_1phase)+S47)*numberofbytes_tostore_1phase) -> 16F8 | U47: =DEC2HEX(SUM(HEX2DEC(LOAD_SURVEY_BASE_ADRESS),HEX2DEC(T47))) -> 297B | X47: =SUM(X46+0) -> 7 | Y47: =SUM(Y45+1) -> 22 | Z47: =IF(Z46=30,0,30) -> 0 | AA47: =SUM(AA46+1) -> 44 | AB47: =DEC2HEX(SUM((X47*slots_per_day_1phase)+AA47)*numberofbytes_tostore_1phase) -> 3E58 | AC47: =DEC2HEX(SUM(HEX2DEC(LOAD_SURVEY_BASE_ADRESS),HEX2DEC(AB47))) -> 50DB | AF47: =SUM(AF46+0) -> 21 | AG47: =SUM(AG45+1) -> 22 | AH47: =IF(AH46=30,0,30) -> 0 | AI47: =SUM(AI46+1) -> 44 | AJ47: =DEC2HEX(SUM((AF47*slots_per_day_1phase)+AI47)*numberofbytes_tostore_1phase) -> AC98 | AK47: =DEC2HEX(SUM(HEX2DEC(LOAD_SURVEY_BASE_ADRESS),HEX2DEC(AJ47))) -> BF1B | AN47: =SUM(AN46+0) -> 34 | AO47: =SUM(AO45+1) -> 22 | AP47: =IF(AP46=30,0,30) -> 0 | AQ47: =SUM(AQ46+1) -> 44 | AR47: =DEC2HEX(SUM((AN47*slots_per_day_1phase)+AQ47)*numberofbytes_tostore_1phase) -> 112F8 | AS47: =DEC2HEX(SUM(HEX2DEC(LOAD_SURVEY_BASE_ADRESS),HEX2DEC(AR47))) -> 1257B | AV47: =SUM(AV46+0) -> 60 | AW47: =SUM(AW45+1) -> 22 | AX47: =IF(AX46=30,0,30) -> 0 | AY47: =SUM(AY46+1) -> 44 | AZ47: =DEC2HEX(SUM((AV47*slots_per_day_1phase)+AY47)*numberofbytes_tostore_1phase) -> 1DFB8 | BA47: =DEC2HEX(SUM(HEX2DEC(LOAD_SURVEY_BASE_ADRESS),HEX2DEC(AZ47))) -> 1F23B
B48: 0 | C48: =C47 -> 22 | D48: =IF(D47=30,0,30) -> 30 | E48: =SUM(E47+1) -> 45 | F48: =DEC2HEX(SUM((B48*slots_per_day_1phase)+E48)*numberofbytes_tostore_1phase) -> 762 | G48: =DEC2HEX(SUM(HEX2DEC(LOAD_SURVEY_BASE_ADRESS),HEX2DEC(F48))) -> 19E5 | I48: 1 | J48: =J47 -> 22 | K48: =IF(K47=30,0,30) -> 30 | L48: =SUM(L47+1) -> 45 | M48: =DEC2HEX(SUM((I48*slots_per_day_1phase)+L48)*numberofbytes_tostore_1phase) -> F42 | N48: =DEC2HEX(SUM(HEX2DEC(LOAD_SURVEY_BASE_ADRESS),HEX2DEC(M48))) -> 21C5 | P48: =SUM(P47+0) -> 2 | Q48: =Q47 -> 22 | R48: =IF(R47=30,0,30) -> 30 | S48: =SUM(S47+1) -> 45 | T48: =DEC2HEX(SUM((P48*slots_per_day_1phase)+S48)*numberofbytes_tostore_1phase) -> 1722 | U48: =DEC2HEX(SUM(HEX2DEC(LOAD_SURVEY_BASE_ADRESS),HEX2DEC(T48))) -> 29A5 | X48: =SUM(X47+0) -> 7 | Y48: =Y47 -> 22 | Z48: =IF(Z47=30,0,30) -> 30 | AA48: =SUM(AA47+1) -> 45 | AB48: =DEC2HEX(SUM((X48*slots_per_day_1phase)+AA48)*numberofbytes_tostore_1phase) -> 3E82 | AC48: =DEC2HEX(SUM(HEX2DEC(LOAD_SURVEY_BASE_ADRESS),HEX2DEC(AB48))) -> 5105 | AF48: =SUM(AF47+0) -> 21 | AG48: =AG47 -> 22 | AH48: =IF(AH47=30,0,30) -> 30 | AI48: =SUM(AI47+1) -> 45 | AJ48: =DEC2HEX(SUM((AF48*slots_per_day_1phase)+AI48)*numberofbytes_tostore_1phase) -> ACC2 | AK48: =DEC2HEX(SUM(HEX2DEC(LOAD_SURVEY_BASE_ADRESS),HEX2DEC(AJ48))) -> BF45 | AN48: =SUM(AN47+0) -> 34 | AO48: =AO47 -> 22 | AP48: =IF(AP47=30,0,30) -> 30 | AQ48: =SUM(AQ47+1) -> 45 | AR48: =DEC2HEX(SUM((AN48*slots_per_day_1phase)+AQ48)*numberofbytes_tostore_1phase) -> 11322 | AS48: =DEC2HEX(SUM(HEX2DEC(LOAD_SURVEY_BASE_ADRESS),HEX2DEC(AR48))) -> 125A5 | AV48: =SUM(AV47+0) -> 60 | AW48: =AW47 -> 22 | AX48: =IF(AX47=30,0,30) -> 30 | AY48: =SUM(AY47+1) -> 45 | AZ48: =DEC2HEX(SUM((AV48*slots_per_day_1phase)+AY48)*numberofbytes_tostore_1phase) -> 1DFE2 | BA48: =DEC2HEX(SUM(HEX2DEC(LOAD_SURVEY_BASE_ADRESS),HEX2DEC(AZ48))) -> 1F265
B49: 0 | C49: =SUM(C47+1) -> 23 | D49: =IF(D48=30,0,30) -> 0 | E49: =SUM(E48+1) -> 46 | F49: =DEC2HEX(SUM((B49*slots_per_day_1phase)+E49)*numberofbytes_tostore_1phase) -> 78C | G49: =DEC2HEX(SUM(HEX2DEC(LOAD_SURVEY_BASE_ADRESS),HEX2DEC(F49))) -> 1A0F | I49: 1 | J49: =SUM(J47+1) -> 23 | K49: =IF(K48=30,0,30) -> 0 | L49: =SUM(L48+1) -> 46 | M49: =DEC2HEX(SUM((I49*slots_per_day_1phase)+L49)*numberofbytes_tostore_1phase) -> F6C | N49: =DEC2HEX(SUM(HEX2DEC(LOAD_SURVEY_BASE_ADRESS),HEX2DEC(M49))) -> 21EF | P49: =SUM(P48+0) -> 2 | Q49: =SUM(Q47+1) -> 23 | R49: =IF(R48=30,0,30) -> 0 | S49: =SUM(S48+1) -> 46 | T49: =DEC2HEX(SUM((P49*slots_per_day_1phase)+S49)*numberofbytes_tostore_1phase) -> 174C | U49: =DEC2HEX(SUM(HEX2DEC(LOAD_SURVEY_BASE_ADRESS),HEX2DEC(T49))) -> 29CF | X49: =SUM(X48+0) -> 7 | Y49: =SUM(Y47+1) -> 23 | Z49: =IF(Z48=30,0,30) -> 0 | AA49: =SUM(AA48+1) -> 46 | AB49: =DEC2HEX(SUM((X49*slots_per_day_1phase)+AA49)*numberofbytes_tostore_1phase) -> 3EAC | AC49: =DEC2HEX(SUM(HEX2DEC(LOAD_SURVEY_BASE_ADRESS),HEX2DEC(AB49))) -> 512F | AF49: =SUM(AF48+0) -> 21 | AG49: =SUM(AG47+1) -> 23 | AH49: =IF(AH48=30,0,30) -> 0 | AI49: =SUM(AI48+1) -> 46 | AJ49: =DEC2HEX(SUM((AF49*slots_per_day_1phase)+AI49)*numberofbytes_tostore_1phase) -> ACEC | AK49: =DEC2HEX(SUM(HEX2DEC(LOAD_SURVEY_BASE_ADRESS),HEX2DEC(AJ49))) -> BF6F | AN49: =SUM(AN48+0) -> 34 | AO49: =SUM(AO47+1) -> 23 | AP49: =IF(AP48=30,0,30) -> 0 | AQ49: =SUM(AQ48+1) -> 46 | AR49: =DEC2HEX(SUM((AN49*slots_per_day_1phase)+AQ49)*numberofbytes_tostore_1phase) -> 1134C | AS49: =DEC2HEX(SUM(HEX2DEC(LOAD_SURVEY_BASE_ADRESS),HEX2DEC(AR49))) -> 125CF | AV49: =SUM(AV48+0) -> 60 | AW49: =SUM(AW47+1) -> 23 | AX49: =IF(AX48=30,0,30) -> 0 | AY49: =SUM(AY48+1) -> 46 | AZ49: =DEC2HEX(SUM((AV49*slots_per_day_1phase)+AY49)*numberofbytes_tostore_1phase) -> 1E00C | BA49: =DEC2HEX(SUM(HEX2DEC(LOAD_SURVEY_BASE_ADRESS),HEX2DEC(AZ49))) -> 1F28F
B50: 0 | C50: =C49 -> 23 | D50: =IF(D49=30,0,30) -> 30 | E50: =SUM(E49+1) -> 47 | F50: =DEC2HEX(SUM((B50*slots_per_day_1phase)+E50)*numberofbytes_tostore_1phase) -> 7B6 | G50: =DEC2HEX(SUM(HEX2DEC(LOAD_SURVEY_BASE_ADRESS),HEX2DEC(F50))) -> 1A39 | I50: 1 | J50: =J49 -> 23 | K50: =IF(K49=30,0,30) -> 30 | L50: =SUM(L49+1) -> 47 | M50: =DEC2HEX(SUM((I50*slots_per_day_1phase)+L50)*numberofbytes_tostore_1phase) -> F96 | N50: =DEC2HEX(SUM(HEX2DEC(LOAD_SURVEY_BASE_ADRESS),HEX2DEC(M50))) -> 2219 | P50: =SUM(P49+0) -> 2 | Q50: =Q49 -> 23 | R50: =IF(R49=30,0,30) -> 30 | S50: =SUM(S49+1) -> 47 | T50: =DEC2HEX(SUM((P50*slots_per_day_1phase)+S50)*numberofbytes_tostore_1phase) -> 1776 | U50: =DEC2HEX(SUM(HEX2DEC(LOAD_SURVEY_BASE_ADRESS),HEX2DEC(T50))) -> 29F9 | X50: =SUM(X49+0) -> 7 | Y50: =Y49 -> 23 | Z50: =IF(Z49=30,0,30) -> 30 | AA50: =SUM(AA49+1) -> 47 | AB50: =DEC2HEX(SUM((X50*slots_per_day_1phase)+AA50)*numberofbytes_tostore_1phase) -> 3ED6 | AC50: =DEC2HEX(SUM(HEX2DEC(LOAD_SURVEY_BASE_ADRESS),HEX2DEC(AB50))) -> 5159 | AF50: =SUM(AF49+0) -> 21 | AG50: =AG49 -> 23 | AH50: =IF(AH49=30,0,30) -> 30 | AI50: =SUM(AI49+1) -> 47 | AJ50: =DEC2HEX(SUM((AF50*slots_per_day_1phase)+AI50)*numberofbytes_tostore_1phase) -> AD16 | AK50: =DEC2HEX(SUM(HEX2DEC(LOAD_SURVEY_BASE_ADRESS),HEX2DEC(AJ50))) -> BF99 | AN50: =SUM(AN49+0) -> 34 | AO50: =AO49 -> 23 | AP50: =IF(AP49=30,0,30) -> 30 | AQ50: =SUM(AQ49+1) -> 47 | AR50: =DEC2HEX(SUM((AN50*slots_per_day_1phase)+AQ50)*numberofbytes_tostore_1phase) -> 11376 | AS50: =DEC2HEX(SUM(HEX2DEC(LOAD_SURVEY_BASE_ADRESS),HEX2DEC(AR50))) -> 125F9 | AV50: =SUM(AV49+0) -> 60 | AW50: =AW49 -> 23 | AX50: =IF(AX49=30,0,30) -> 30 | AY50: =SUM(AY49+1) -> 47 | AZ50: =DEC2HEX(SUM((AV50*slots_per_day_1phase)+AY50)*numberofbytes_tostore_1phase) -> 1E036 | BA50: =DEC2HEX(SUM(HEX2DEC(LOAD_SURVEY_BASE_ADRESS),HEX2DEC(AZ50))) -> 1F2B9
X51: next available address (8 days) | AB51: =DEC2HEX(HEX2DEC(AB50)+numberofbytes_tostore_1phase) -> 3F00 | AC51: =DEC2HEX(SUM(HEX2DEC(LOAD_SURVEY_BASE_ADRESS),HEX2DEC(AB51))) -> 5183 | AN51: next available address (35 days) | AR51: =DEC2HEX(HEX2DEC(AR50)+numberofbytes_tostore_1phase) -> 113A0 | AS51: =DEC2HEX(SUM(HEX2DEC(LOAD_SURVEY_BASE_ADRESS),HEX2DEC(AR51))) -> 12623 | AV51: next available address (60 days) | AZ51: =DEC2HEX(HEX2DEC(AZ50)+numberofbytes_tostore_1phase) -> 1E060 | BA51: =DEC2HEX(SUM(HEX2DEC(LOAD_SURVEY_BASE_ADRESS),HEX2DEC(AZ51))) -> 1F2E3
B52: load survey last known data is stored here
B54: parameter | D54: bytes | G54: address
A55: LOADSURVEY_REF_ADDRESS | B55: LS_numentries | D55: 2 | G55: =LOADSURVEY_REF_ADDRESS -> 1255
B56: LS_startdate | D56: 4 | G56: =DEC2HEX(SUM(HEX2DEC(G55))+D55) -> 1257 | P56: Example of Load survey storage at EEPROM | T56: obj index
B57: LS_RefAddress | D57: 4 | G57: =DEC2HEX(SUM(HEX2DEC(G56))+D56) -> 125B | P57: Parameter | Q57: bytes | R57: address in hex @EEPROM
B58: year_100 | D58: 1 | G58: =DEC2HEX(SUM(HEX2DEC(G57))+D57) -> 125F | P58: year_100 | Q58: 1 | R58: =LOAD_SURVEY_BASE_ADRESS -> 1283 | T58: 0
B59: year | D59: 1 | G59: =DEC2HEX(SUM(HEX2DEC(G58))+D58) -> 1260 | P59: year | Q59: 1 | R59: =DEC2HEX(SUM(Q58,HEX2DEC(R58))) -> 1284
B60: month | D60: 1 | G60: =DEC2HEX(SUM(HEX2DEC(G59))+D59) -> 1261 | P60: month | Q60: 1 | R60: =DEC2HEX(SUM(Q59,HEX2DEC(R59))) -> 1285
B61: date | D61: 1 | G61: =DEC2HEX(SUM(HEX2DEC(G60))+D60) -> 1262 | P61: date | Q61: 1 | R61: =DEC2HEX(SUM(Q60,HEX2DEC(R60))) -> 1286
B62: day | D62: 1 | G62: =DEC2HEX(SUM(HEX2DEC(G61))+D61) -> 1263 | P62: day | Q62: 1 | R62: =DEC2HEX(SUM(Q61,HEX2DEC(R61))) -> 1287
B63: hour | D63: 1 | G63: =DEC2HEX(SUM(HEX2DEC(G62))+D62) -> 1264 | P63: hour | Q63: 1 | R63: =DEC2HEX(SUM(Q62,HEX2DEC(R62))) -> 1288
B64: minutes | D64: 1 | G64: =DEC2HEX(SUM(HEX2DEC(G63))+D63) -> 1265 | P64: minutes | Q64: 1 | R64: =DEC2HEX(SUM(Q63,HEX2DEC(R63))) -> 1289
B65: secs | D65: 1 | G65: =DEC2HEX(SUM(HEX2DEC(G64))+D64) -> 1266 | P65: secs | Q65: 1 | R65: =DEC2HEX(SUM(Q64,HEX2DEC(R64))) -> 128A
B66: subsec | D66: 1 | G66: =DEC2HEX(SUM(HEX2DEC(G65))+D65) -> 1267 | P66: subsecs | Q66: 1 | R66: =DEC2HEX(SUM(Q65,HEX2DEC(R65))) -> 128B | U66: =SUM(HEX2DEC(R75)-HEX2DEC(R58)) -> 42 | V66: LOADSURVEY_BUF_SIZE
B67: dev | D67: 2 | G67: =DEC2HEX(SUM(HEX2DEC(G66))+D66) -> 1268 | P67: dev | Q67: 2 | R67: =DEC2HEX(SUM(Q66,HEX2DEC(R66))) -> 128C
B68: sts | D68: 1 | G68: =DEC2HEX(SUM(HEX2DEC(G67))+D67) -> 126A | I68: =SUM(HEX2DEC(G75)-HEX2DEC(G58)) -> 36 | J68: LOADSURVEY_REFBUF_SIZE | P68: sts | Q68: 1 | R68: =DEC2HEX(SUM(Q67,HEX2DEC(R67))) -> 128E
B69: LS-vr | D69: 4 | G69: =DEC2HEX(SUM(HEX2DEC(G68))+D68) -> 126B | P69: LS_vr | Q69: 4 | R69: =DEC2HEX(SUM(Q68,HEX2DEC(R68))) -> 128F | T69: 1
B70: LS_kwh | D70: 4 | G70: =DEC2HEX(SUM(HEX2DEC(G69))+D69) -> 126F | P70: LS_kwh | Q70: 4 | R70: =DEC2HEX(SUM(Q69,HEX2DEC(R69))) -> 1293 | T70: 2
B71: LS_kvarhlag | D71: 4 | G71: =DEC2HEX(SUM(HEX2DEC(G70))+D70) -> 1273 | P71: LS_kvah | Q71: 4 | R71: =DEC2HEX(SUM(Q70,HEX2DEC(R70))) -> 1297 | T71: 3
B72: LS_kvarhlead | D72: 4 | G72: =DEC2HEX(SUM(HEX2DEC(G71))+D71) -> 1277 | P72: LS_ir | Q72: 4 | R72: =DEC2HEX(SUM(Q71,HEX2DEC(R71))) -> 129B | T72: 4
B73: LS_kvah | D73: 4 | G73: =DEC2HEX(SUM(HEX2DEC(G72))+D72) -> 127B | P73: kw | Q73: 2 | R73: =DEC2HEX(SUM(Q72,HEX2DEC(R72))) -> 129F | T73: 5
B74: LS_ir | D74: 4 | G74: =DEC2HEX(SUM(HEX2DEC(G73))+D73) -> 127F | P74: kw_date | Q74: 12 | R74: =DEC2HEX(SUM(Q73,HEX2DEC(R73))) -> 12A1 | T74: 6
B75: Next Available Memory | G75: =DEC2HEX(SUM(HEX2DEC(G74))+D73) -> 1283 | Q75: =SUM(Q58:Q74) -> 42 | R75: =DEC2HEX(SUM(Q74,HEX2DEC(R74))) -> 12AD | S75: Next block storage here

Sheet activity_calendar
B1: Activity calendar profile in EEPROM | C1: Only 2 seasons supported and 5 TODs are supported
C2: Available address (8 days of Loadsurvey) | G2: ='block load survey'!AC51 -> 5183 | H2: Available address (35 days of Loadsurvey) | L2: ='block load survey'!AS51 -> 12623 | M2: Available address (60 days of Loadsurvey) | N2: ='block load survey'!BA51 -> 1F2E3 | O2: act cal base address | P2: =N2 -> 1F2E3
B3: Activity calendar profile in EEPROM for 1-phase | H3: BASEADDRESS_ACAL
C4: SEASON - 1 | H4: SEASON - 2 | M4: SEASON - 3
B5: attribute number | C5: parameter | D5: numb_bytes | E5: EEPROM Address in HEX | F5: EEPROM address in Decimal | H5: parameter | I5: numb_bytes | J5: EEPROM Address in HEX | K5: EEPROM address in Decimal | M5: parameter | N5: numb_bytes | O5: EEPROM Address in HEX | P5: EEPROM address in Decimal
B6: ACTCAL_BASEADDRESS
B7: calendar name | C7: Calendar_name_Active | D7: 4 | E7: =act_cal_base_address -> 1F2E3 | F7: =HEX2DEC(E7) -> 127715
B8: season profile | C8: Season_profile_name | D8: 4 | E8: =DEC2HEX(SUM(HEX2DEC(E7),D7)) -> 1F2E7 | F8: =HEX2DEC(E8) -> 127719 | H8: Season_profile_name | I8: 4 | J8: =DEC2HEX(SUM(HEX2DEC(E10),D10)) -> 1F2FB | K8: =HEX2DEC(J8) -> 127739 | M8: Season_profile_name | N8: 4 | O8: =DEC2HEX(SUM(HEX2DEC(J10),I10)) -> 1F30F | P8: =HEX2DEC(O8) -> 127759
C9: Season_start | D9: 12 | E9: =DEC2HEX(SUM(HEX2DEC(E8),D8)) -> 1F2EB | F9: =HEX2DEC(E9) -> 127723 | H9: Season_start | I9: 12 | J9: =DEC2HEX(SUM(HEX2DEC(J8),I8)) -> 1F2FF | K9: =HEX2DEC(J9) -> 127743 | M9: Season_start | N9: 12 | O9: =DEC2HEX(SUM(HEX2DEC(O8),N8)) -> 1F313 | P9: =HEX2DEC(O9) -> 127763
C10: Week_name | D10: 4 | E10: =DEC2HEX(SUM(HEX2DEC(E9),D9)) -> 1F2F7 | F10: =HEX2DEC(E10) -> 127735 | H10: Week_name | I10: 4 | J10: =DEC2HEX(SUM(HEX2DEC(J9),I9)) -> 1F30B | K10: =HEX2DEC(J10) -> 127755 | M10: Week_name | N10: 4 | O10: =DEC2HEX(SUM(HEX2DEC(O9),N9)) -> 1F31F | P10: =HEX2DEC(O10) -> 127775
B11: ACTCAL_WEEKPROFILE_ADDRESS | C11: week_profile_name | D11: 4 | E11: =DEC2HEX(SUM(HEX2DEC(J10),I10)) -> 1F30F | F11: =HEX2DEC(E11) -> 127759 | H11: week_profile_name | I11: 4 | J11: =DEC2HEX(SUM(HEX2DEC(E11),D11)) -> 1F313 | K11: =HEX2DEC(J11) -> 127763 | M11: week_profile_name | N11: 4 | O11: =DEC2HEX(SUM(HEX2DEC(J11),I11)) -> 1F317 | P11: =HEX2DEC(O11) -> 127767
B12: ACTIVE_CAL_DAYID_OFFSET | C12: day id | D12: 1 | E12: =DEC2HEX(SUM(HEX2DEC(J11),I11)) -> 1F317 | F12: =HEX2DEC(E12) -> 127767 | H12: day id | I12: 1 | J12: =DEC2HEX(SUM(HEX2DEC(E28),D28)) -> 1F355 | K12: =HEX2DEC(J12) -> 127829 | M12: day id | N12: 1 | O12: =DEC2HEX(SUM(HEX2DEC(J28),I28)) -> 1F393 | P12: =HEX2DEC(O12) -> 127891
C13: num of tou | D13: 1 | E13: =DEC2HEX(SUM(HEX2DEC(E12),D12)) -> 1F318 | F13: =HEX2DEC(E13) -> 127768 | H13: num of tou | I13: 1 | J13: =DEC2HEX(SUM(HEX2DEC(J12),I12)) -> 1F356 | K13: =HEX2DEC(J13) -> 127830 | M13: num of tou | N13: 1 | O13: =DEC2HEX(SUM(HEX2DEC(O12),N12)) -> 1F394 | P13: =HEX2DEC(O13) -> 127892
B14: DAYX_TZ_BASE_ADDRESS | C14: start time | D14: 4 | E14: =DEC2HEX(SUM(HEX2DEC(E13),D13)) -> 1F319 | F14: =HEX2DEC(E14) -> 127769 | H14: start time | I14: 4 | J14: =DEC2HEX(SUM(HEX2DEC(J13),I13)) -> 1F357 | K14: =HEX2DEC(J14) -> 127831 | M14: start time | N14: 4 | O14: =DEC2HEX(SUM(HEX2DEC(O13),N13)) -> 1F395 | P14: =HEX2DEC(O14) -> 127893
C15: script_logical_name | D15: 6 | E15: =DEC2HEX(SUM(HEX2DEC(E14),D14)) -> 1F31D | F15: =HEX2DEC(E15) -> 127773 | H15: script_logical_name | I15: 6 | J15: =DEC2HEX(SUM(HEX2DEC(J14),I14)) -> 1F35B | K15: =HEX2DEC(J15) -> 127835 | M15: script_logical_name | N15: 6 | O15: =DEC2HEX(SUM(HEX2DEC(O14),N14)) -> 1F399 | P15: =HEX2DEC(O15) -> 127897
C16: script_selector | D16: 2 | E16: =DEC2HEX(SUM(HEX2DEC(E15),D15)) -> 1F323 | F16: =HEX2DEC(E16) -> 127779 | H16: script_selector | I16: 2 | J16: =DEC2HEX(SUM(HEX2DEC(J15),I15)) -> 1F361 | K16: =HEX2DEC(J16) -> 127841 | M16: script_selector | N16: 2 | O16: =DEC2HEX(SUM(HEX2DEC(O15),N15)) -> 1F39F | P16: =HEX2DEC(O16) -> 127903
C17: start time | D17: 4 | E17: =DEC2HEX(SUM(HEX2DEC(E16),D16)) -> 1F325 | F17: =HEX2DEC(E17) -> 127781 | H17: start time | I17: 4 | J17: =DEC2HEX(SUM(HEX2DEC(J16),I16)) -> 1F363 | K17: =HEX2DEC(J17) -> 127843 | M17: start time | N17: 4 | O17: =DEC2HEX(SUM(HEX2DEC(O16),N16)) -> 1F3A1 | P17: =HEX2DEC(O17) -> 127905
C18: script_logical_name | D18: 6 | E18: =DEC2HEX(SUM(HEX2DEC(E17),D17)) -> 1F329 | F18: =HEX2DEC(E18) -> 127785 | H18: script_logical_name | I18: 6 | J18: =DEC2HEX(SUM(HEX2DEC(J17),I17)) -> 1F367 | K18: =HEX2DEC(J18) -> 127847 | M18: script_logical_name | N18: 6 | O18: =DEC2HEX(SUM(HEX2DEC(O17),N17)) -> 1F3A5 | P18: =HEX2DEC(O18) -> 127909
C19: script_selector | D19: 2 | E19: =DEC2HEX(SUM(HEX2DEC(E18),D18)) -> 1F32F | F19: =HEX2DEC(E19) -> 127791 | H19: script_selector | I19: 2 | J19: =DEC2HEX(SUM(HEX2DEC(J18),I18)) -> 1F36D | K19: =HEX2DEC(J19) -> 127853 | M19: script_selector | N19: 2 | O19: =DEC2HEX(SUM(HEX2DEC(O18),N18)) -> 1F3AB | P19: =HEX2DEC(O19) -> 127915
C20: start time | D20: 4 | E20: =DEC2HEX(SUM(HEX2DEC(E19),D19)) -> 1F331 | F20: =HEX2DEC(E20) -> 127793 | H20: start time | I20: 4 | J20: =DEC2HEX(SUM(HEX2DEC(J19),I19)) -> 1F36F | K20: =HEX2DEC(J20) -> 127855 | M20: start time | N20: 4 | O20: =DEC2HEX(SUM(HEX2DEC(O19),N19)) -> 1F3AD | P20: =HEX2DEC(O20) -> 127917
C21: script_logical_name | D21: 6 | E21: =DEC2HEX(SUM(HEX2DEC(E20),D20)) -> 1F335 | F21: =HEX2DEC(E21) -> 127797 | H21: script_logical_name | I21: 6 | J21: =DEC2HEX(SUM(HEX2DEC(J20),I20)) -> 1F373 | K21: =HEX2DEC(J21) -> 127859 | M21: script_logical_name | N21: 6 | O21: =DEC2HEX(SUM(HEX2DEC(O20),N20)) -> 1F3B1 | P21: =HEX2DEC(O21) -> 127921 | S21: Time Zones = 5
C22: script_selector | D22: 2 | E22: =DEC2HEX(SUM(HEX2DEC(E21),D21)) -> 1F33B | F22: =HEX2DEC(E22) -> 127803 | H22: script_selector | I22: 2 | J22: =DEC2HEX(SUM(HEX2DEC(J21),I21)) -> 1F379 | K22: =HEX2DEC(J22) -> 127865 | M22: script_selector | N22: 2 | O22: =DEC2HEX(SUM(HEX2DEC(O21),N21)) -> 1F3B7 | P22: =HEX2DEC(O22) -> 127927
C23: start time | D23: 4 | E23: =DEC2HEX(SUM(HEX2DEC(E22),D22)) -> 1F33D | F23: =HEX2DEC(E23) -> 127805 | H23: start time | I23: 4 | J23: =DEC2HEX(SUM(HEX2DEC(J22),I22)) -> 1F37B | K23: =HEX2DEC(J23) -> 127867 | M23: start time | N23: 4 | O23: =DEC2HEX(SUM(HEX2DEC(O22),N22)) -> 1F3B9 | P23: =HEX2DEC(O23) -> 127929
C24: script_logical_name | D24: 6 | E24: =DEC2HEX(SUM(HEX2DEC(E23),D23)) -> 1F341 | F24: =HEX2DEC(E24) -> 127809 | H24: script_logical_name | I24: 6 | J24: =DEC2HEX(SUM(HEX2DEC(J23),I23)) -> 1F37F | K24: =HEX2DEC(J24) -> 127871 | M24: script_logical_name | N24: 6 | O24: =DEC2HEX(SUM(HEX2DEC(O23),N23)) -> 1F3BD | P24: =HEX2DEC(O24) -> 127933
C25: script_selector | D25: 2 | E25: =DEC2HEX(SUM(HEX2DEC(E24),D24)) -> 1F347 | F25: =HEX2DEC(E25) -> 127815 | H25: script_selector | I25: 2 | J25: =DEC2HEX(SUM(HEX2DEC(J24),I24)) -> 1F385 | K25: =HEX2DEC(J25) -> 127877 | M25: script_selector | N25: 2 | O25: =DEC2HEX(SUM(HEX2DEC(O24),N24)) -> 1F3C3 | P25: =HEX2DEC(O25) -> 127939
C26: start time | D26: 4 | E26: =DEC2HEX(SUM(HEX2DEC(E25),D25)) -> 1F349 | F26: =HEX2DEC(E26) -> 127817 | H26: start time | I26: 4 | J26: =DEC2HEX(SUM(HEX2DEC(J25),I25)) -> 1F387 | K26: =HEX2DEC(J26) -> 127879 | M26: start time | N26: 4 | O26: =DEC2HEX(SUM(HEX2DEC(O25),N25)) -> 1F3C5 | P26: =HEX2DEC(O26) -> 127941
C27: script_logical_name | D27: 6 | E27: =DEC2HEX(SUM(HEX2DEC(E26),D26)) -> 1F34D | F27: =HEX2DEC(E27) -> 127821 | H27: script_logical_name | I27: 6 | J27: =DEC2HEX(SUM(HEX2DEC(J26),I26)) -> 1F38B | K27: =HEX2DEC(J27) -> 127883 | M27: script_logical_name | N27: 6 | O27: =DEC2HEX(SUM(HEX2DEC(O26),N26)) -> 1F3C9 | P27: =HEX2DEC(O27) -> 127945
C28: script_selector | D28: 2 | E28: =DEC2HEX(SUM(HEX2DEC(E27),D27)) -> 1F353 | F28: =HEX2DEC(E28) -> 127827 | H28: script_selector | I28: 2 | J28: =DEC2HEX(SUM(HEX2DEC(J27),I27)) -> 1F391 | K28: =HEX2DEC(J28) -> 127889 | M28: script_selector | N28: 2 | O28: =DEC2HEX(SUM(HEX2DEC(O27),N27)) -> 1F3CF | P28: =HEX2DEC(O28) -> 127951
B29: PASCAL_BASEADDRESS | C29: Calendar_name_Pasive | D29: 4 | E29: =DEC2HEX(SUM(HEX2DEC(J28),I28)) -> 1F393 | F29: =HEX2DEC(E29) -> 127891
C30: Season_profile_name | D30: 4 | E30: =DEC2HEX(SUM(HEX2DEC(E29),D29)) -> 1F397 | F30: =HEX2DEC(E30) -> 127895 | H30: Season_profile_name | I30: 4 | J30: =DEC2HEX(SUM(HEX2DEC(E32),I30)) -> 1F3AB | K30: =HEX2DEC(J30) -> 127915 | M30: Season_profile_name | N30: 4 | O30: =DEC2HEX(SUM(HEX2DEC(J32),I32)) -> 1F3BF | P30: =HEX2DEC(O30) -> 127935
C31: Season_start | D31: 12 | E31: =DEC2HEX(SUM(HEX2DEC(E30),D30)) -> 1F39B | F31: =HEX2DEC(E31) -> 127899 | H31: Season_start | I31: 12 | J31: =DEC2HEX(SUM(HEX2DEC(J30),I30)) -> 1F3AF | K31: =HEX2DEC(J31) -> 127919 | M31: Season_start | N31: 12 | O31: =DEC2HEX(SUM(HEX2DEC(O30),N30)) -> 1F3C3 | P31: =HEX2DEC(O31) -> 127939
C32: Week_name | D32: 4 | E32: =DEC2HEX(SUM(HEX2DEC(E31),D31)) -> 1F3A7 | F32: =HEX2DEC(E32) -> 127911 | H32: Week_name | I32: 4 | J32: =DEC2HEX(SUM(HEX2DEC(J31),I31)) -> 1F3BB | K32: =HEX2DEC(J32) -> 127931 | M32: Week_name | N32: 4 | O32: =DEC2HEX(SUM(HEX2DEC(O31),N31)) -> 1F3CF | P32: =HEX2DEC(O32) -> 127951
B33: PASCAL_WEEKPROFILE_ADDRESS | C33: week_profile_name | D33: 4 | E33: =DEC2HEX(SUM(HEX2DEC(J32),I32)) -> 1F3BF | F33: =HEX2DEC(E33) -> 127935 | H33: week_profile_name | I33: 4 | J33: =DEC2HEX(SUM(HEX2DEC(E33),D33)) -> 1F3C3 | K33: =HEX2DEC(J33) -> 127939 | M33: week_profile_name | N33: 4 | O33: =DEC2HEX(SUM(HEX2DEC(J33),I33)) -> 1F3C7 | P33: =HEX2DEC(O33) -> 127943
B34: PASSIVE_CAL_DAYID_OFFSET | C34: day id | D34: 1 | E34: =DEC2HEX(SUM(HEX2DEC(J33),I33)) -> 1F3C7 | F34: =HEX2DEC(E34) -> 127943 | H34: day id | I34: 1 | J34: =DEC2HEX(SUM(HEX2DEC(E50),D50)) -> 1F405 | K34: =HEX2DEC(J34) -> 128005 | M34: day id | N34: 1 | O34: =DEC2HEX(SUM(HEX2DEC(J50),I50)) -> 1F443 | P34: =HEX2DEC(O34) -> 128067
C35: num_of_tou | D35: 1 | E35: =DEC2HEX(SUM(HEX2DEC(E34),D34)) -> 1F3C8 | F35: =HEX2DEC(E35) -> 127944 | H35: num_of_tou | I35: 1 | J35: =DEC2HEX(SUM(HEX2DEC(J34),I34)) -> 1F406 | K35: =HEX2DEC(J35) -> 128006 | M35: num_of_tou | N35: 1 | O35: =DEC2HEX(SUM(HEX2DEC(O34),N34)) -> 1F444 | P35: =HEX2DEC(O35) -> 128068
C36: start time | D36: 4 | E36: =DEC2HEX(SUM(HEX2DEC(E35),D35)) -> 1F3C9 | F36: =HEX2DEC(E36) -> 127945 | H36: start time | I36: 4 | J36: =DEC2HEX(SUM(HEX2DEC(J35),I35)) -> 1F407 | K36: =HEX2DEC(J36) -> 128007 | M36: start time | N36: 4 | O36: =DEC2HEX(SUM(HEX2DEC(O35),N35)) -> 1F445 | P36: =HEX2DEC(O36) -> 128069
C37: script_logical_name | D37: 6 | E37: =DEC2HEX(SUM(HEX2DEC(E36),D36)) -> 1F3CD | F37: =HEX2DEC(E37) -> 127949 | H37: script_logical_name | I37: 6 | J37: =DEC2HEX(SUM(HEX2DEC(J36),I36)) -> 1F40B | K37: =HEX2DEC(J37) -> 128011 | M37: script_logical_name | N37: 6 | O37: =DEC2HEX(SUM(HEX2DEC(O36),N36)) -> 1F449 | P37: =HEX2DEC(O37) -> 128073
C38: script_selector | D38: 2 | E38: =DEC2HEX(SUM(HEX2DEC(E37),D37)) -> 1F3D3 | F38: =HEX2DEC(E38) -> 127955 | H38: script_selector | I38: 2 | J38: =DEC2HEX(SUM(HEX2DEC(J37),I37)) -> 1F411 | K38: =HEX2DEC(J38) -> 128017 | M38: script_selector | N38: 2 | O38: =DEC2HEX(SUM(HEX2DEC(O37),N37)) -> 1F44F | P38: =HEX2DEC(O38) -> 128079
C39: start time | D39: 4 | E39: =DEC2HEX(SUM(HEX2DEC(E38),D38)) -> 1F3D5 | F39: =HEX2DEC(E39) -> 127957 | H39: start time | I39: 4 | J39: =DEC2HEX(SUM(HEX2DEC(J38),I38)) -> 1F413 | K39: =HEX2DEC(J39) -> 128019 | M39: start time | N39: 4 | O39: =DEC2HEX(SUM(HEX2DEC(O38),N38)) -> 1F451 | P39: =HEX2DEC(O39) -> 128081
C40: script_logical_name | D40: 6 | E40: =DEC2HEX(SUM(HEX2DEC(E39),D39)) -> 1F3D9 | F40: =HEX2DEC(E40) -> 127961 | H40: script_logical_name | I40: 6 | J40: =DEC2HEX(SUM(HEX2DEC(J39),I39)) -> 1F417 | K40: =HEX2DEC(J40) -> 128023 | M40: script_logical_name | N40: 6 | O40: =DEC2HEX(SUM(HEX2DEC(O39),N39)) -> 1F455 | P40: =HEX2DEC(O40) -> 128085
C41: script_selector | D41: 2 | E41: =DEC2HEX(SUM(HEX2DEC(E40),D40)) -> 1F3DF | F41: =HEX2DEC(E41) -> 127967 | H41: script_selector | I41: 2 | J41: =DEC2HEX(SUM(HEX2DEC(J40),I40)) -> 1F41D | K41: =HEX2DEC(J41) -> 128029 | M41: script_selector | N41: 2 | O41: =DEC2HEX(SUM(HEX2DEC(O40),N40)) -> 1F45B | P41: =HEX2DEC(O41) -> 128091
C42: start time | D42: 4 | E42: =DEC2HEX(SUM(HEX2DEC(E41),D41)) -> 1F3E1 | F42: =HEX2DEC(E42) -> 127969 | H42: start time | I42: 4 | J42: =DEC2HEX(SUM(HEX2DEC(J41),I41)) -> 1F41F | K42: =HEX2DEC(J42) -> 128031 | M42: start time | N42: 4 | O42: =DEC2HEX(SUM(HEX2DEC(O41),N41)) -> 1F45D | P42: =HEX2DEC(O42) -> 128093
C43: script_logical_name | D43: 6 | E43: =DEC2HEX(SUM(HEX2DEC(E42),D42)) -> 1F3E5 | F43: =HEX2DEC(E43) -> 127973 | H43: script_logical_name | I43: 6 | J43: =DEC2HEX(SUM(HEX2DEC(J42),I42)) -> 1F423 | K43: =HEX2DEC(J43) -> 128035 | M43: script_logical_name | N43: 6 | O43: =DEC2HEX(SUM(HEX2DEC(O42),N42)) -> 1F461 | P43: =HEX2DEC(O43) -> 128097 | S43: Time Zones = 5
C44: script_selector | D44: 2 | E44: =DEC2HEX(SUM(HEX2DEC(E43),D43)) -> 1F3EB | F44: =HEX2DEC(E44) -> 127979 | H44: script_selector | I44: 2 | J44: =DEC2HEX(SUM(HEX2DEC(J43),I43)) -> 1F429 | K44: =HEX2DEC(J44) -> 128041 | M44: script_selector | N44: 2 | O44: =DEC2HEX(SUM(HEX2DEC(O43),N43)) -> 1F467 | P44: =HEX2DEC(O44) -> 128103
C45: start time | D45: 4 | E45: =DEC2HEX(SUM(HEX2DEC(E44),D44)) -> 1F3ED | F45: =HEX2DEC(E45) -> 127981 | H45: start time | I45: 4 | J45: =DEC2HEX(SUM(HEX2DEC(J44),I44)) -> 1F42B | K45: =HEX2DEC(J45) -> 128043 | M45: start time | N45: 4 | O45: =DEC2HEX(SUM(HEX2DEC(O44),N44)) -> 1F469 | P45: =HEX2DEC(O45) -> 128105
C46: script_logical_name | D46: 6 | E46: =DEC2HEX(SUM(HEX2DEC(E45),D45)) -> 1F3F1 | F46: =HEX2DEC(E46) -> 127985 | H46: script_logical_name | I46: 6 | J46: =DEC2HEX(SUM(HEX2DEC(J45),I45)) -> 1F42F | K46: =HEX2DEC(J46) -> 128047 | M46: script_logical_name | N46: 6 | O46: =DEC2HEX(SUM(HEX2DEC(O45),N45)) -> 1F46D | P46: =HEX2DEC(O46) -> 128109
C47: script_selector | D47: 2 | E47: =DEC2HEX(SUM(HEX2DEC(E46),D46)) -> 1F3F7 | F47: =HEX2DEC(E47) -> 127991 | H47: script_selector | I47: 2 | J47: =DEC2HEX(SUM(HEX2DEC(J46),I46)) -> 1F435 | K47: =HEX2DEC(J47) -> 128053 | M47: script_selector | N47: 2 | O47: =DEC2HEX(SUM(HEX2DEC(O46),N46)) -> 1F473 | P47: =HEX2DEC(O47) -> 128115
C48: start time | D48: 4 | E48: =DEC2HEX(SUM(HEX2DEC(E47),D47)) -> 1F3F9 | F48: =HEX2DEC(E48) -> 127993 | H48: start time | I48: 4 | J48: =DEC2HEX(SUM(HEX2DEC(J47),I47)) -> 1F437 | K48: =HEX2DEC(J48) -> 128055 | M48: start time | N48: 4 | O48: =DEC2HEX(SUM(HEX2DEC(O47),N47)) -> 1F475 | P48: =HEX2DEC(O48) -> 128117
C49: script_logical_name | D49: 6 | E49: =DEC2HEX(SUM(HEX2DEC(E48),D48)) -> 1F3FD | F49: =HEX2DEC(E49) -> 127997 | H49: script_logical_name | I49: 6 | J49: =DEC2HEX(SUM(HEX2DEC(J48),I48)) -> 1F43B | K49: =HEX2DEC(J49) -> 128059 | M49: script_logical_name | N49: 6 | O49: =DEC2HEX(SUM(HEX2DEC(O48),N48)) -> 1F479 | P49: =HEX2DEC(O49) -> 128121
C50: script_selector | D50: 2 | E50: =DEC2HEX(SUM(HEX2DEC(E49),D49)) -> 1F403 | F50: =HEX2DEC(E50) -> 128003 | H50: script_selector | I50: 2 | J50: =DEC2HEX(SUM(HEX2DEC(J49),I49)) -> 1F441 | K50: =HEX2DEC(J50) -> 128065 | M50: script_selector | N50: 2 | O50: =DEC2HEX(SUM(HEX2DEC(O49),N49)) -> 1F47F | P50: =HEX2DEC(O50) -> 128127
B51: ACTCAL_ACTTIME_BASEADDRESS | C51: activate_time | D51: 12 | E51: =DEC2HEX(SUM(HEX2DEC(J50),I50)) -> 1F443 | F51: =HEX2DEC(E51) -> 128067
B52: next available address | E52: =DEC2HEX(SUM(HEX2DEC(E51),D51)) -> 1F44F | F52: =HEX2DEC(E52) -> 128079

Sheet billing_param
A1: billing_param (Table 29)
A2: billing_param (Table 29) 1-phase
K3: numberofbytes to store | L3: =L25 -> 96 | N3: BILLING_PARAM_BASEADDRESS | O3: =activity_calendar!E52 -> 1F44F
J5: address offset | K5: parameter | L5: bytes | M5: object_id
J6: 0 | K6: billing date | L6: 12 | M6: 0
J7: =SUM(J6,L6) -> 12 | K7: pf | L7: 4 | M7: =(1+M6) -> 1
J8: =SUM(J7,L7) -> 16 | K8: kwh | L8: 4 | M8: =(1+M7) -> 2
J9: =SUM(J8,L8) -> 20 | K9: kwh_tz[0] | L9: 4 | M9: =(1+M8) -> 3
A10: BILLING_PARAM_SIZE | B10: =numberofbytes_to_store_1phase -> 96 | J10: =SUM(J9,L9) -> 24 | K10: kwh_tz[1] | L10: 4 | M10: =(1+M9) -> 4
J11: =SUM(J10,L10) -> 28 | K11: kwh_tz[2] | L11: 4 | M11: =(1+M10) -> 5 | P11: Time zones = 5
J12: =SUM(J11,L11) -> 32 | K12: kwh_tz[3] | L12: 4 | M12: =(1+M11) -> 6
C13: billing count | D13: address offset (HEX) | E13: stored @ EEPROM address in HEX | F13: stored @ EEPROM address in DEC | G13: remarks | J13: =SUM(J12,L12) -> 36 | K13: kwh_tz[4] | L13: 4 | M13: =(1+M12) -> 7
A14: BILLING_PARAM_BASEADDRESS | C14: 0 | D14: 0 | E14: =DEC2HEX(SUM(HEX2DEC(BILLINGPARAMBASEADDRESS_1PHASE),HEX2DEC(D14))) -> 1F44F | G14: current billing | J14: =SUM(J13,L13) -> 40 | K14: kvah | L14: 4 | M14: =(1+M13) -> 8
C15: 1 | D15: =DEC2HEX(C15*numberofbytes_to_store_1phase) -> 60 | E15: =DEC2HEX(SUM(HEX2DEC(BILLINGPARAMBASEADDRESS_1PHASE),HEX2DEC(D15))) -> 1F4AF | G15: billing-1 | J15: =SUM(J14,L14) -> 44 | K15: kvah_tz[0] | L15: 4 | M15: =(1+M14) -> 9
C16: 2 | D16: =DEC2HEX(C16*numberofbytes_to_store_1phase) -> C0 | E16: =DEC2HEX(SUM(HEX2DEC(BILLINGPARAMBASEADDRESS_1PHASE),HEX2DEC(D16))) -> 1F50F | G16: billing-2 | J16: =SUM(J15,L15) -> 48 | K16: kvah_tz[1] | L16: 4 | M16: =(1+M15) -> 10
C17: 3 | D17: =DEC2HEX(C17*numberofbytes_to_store_1phase) -> 120 | E17: =DEC2HEX(SUM(HEX2DEC(BILLINGPARAMBASEADDRESS_1PHASE),HEX2DEC(D17))) -> 1F56F | G17: billing-3 | H17: 12 billing cycles | J17: =SUM(J16,L16) -> 52 | K17: kvah_tz[2] | L17: 4 | M17: =(1+M16) -> 11 | P17: Time zones = 5
C18: 4 | D18: =DEC2HEX(C18*numberofbytes_to_store_1phase) -> 180 | E18: =DEC2HEX(SUM(HEX2DEC(BILLINGPARAMBASEADDRESS_1PHASE),HEX2DEC(D18))) -> 1F5CF | G18: billing-4 | J18: =SUM(J17,L17) -> 56 | K18: kvah_tz[3] | L18: 4 | M18: =(1+M17) -> 12
C19: 5 | D19: =DEC2HEX(C19*numberofbytes_to_store_1phase) -> 1E0 | E19: =DEC2HEX(SUM(HEX2DEC(BILLINGPARAMBASEADDRESS_1PHASE),HEX2DEC(D19))) -> 1F62F | G19: billing-5 | J19: =SUM(J18,L18) -> 60 | K19: kvah_tz[4] | L19: 4 | M19: =(1+M18) -> 13
C20: 6 | D20: =DEC2HEX(C20*numberofbytes_to_store_1phase) -> 240 | E20: =DEC2HEX(SUM(HEX2DEC(BILLINGPARAMBASEADDRESS_1PHASE),HEX2DEC(D20))) -> 1F68F | G20: billing-6 | J20: =SUM(J19,L19) -> 64 | K20: kw | L20: 2 | M20: =(1+M19) -> 14
C21: 7 | D21: =DEC2HEX(C21*numberofbytes_to_store_1phase) -> 2A0 | E21: =DEC2HEX(SUM(HEX2DEC(BILLINGPARAMBASEADDRESS_1PHASE),HEX2DEC(D21))) -> 1F6EF | G21: billing-7 | J21: =SUM(J20,L20) -> 66 | K21: kw_date | L21: 12 | M21: =(1+M20) -> 15
C22: 8 | D22: =DEC2HEX(C22*numberofbytes_to_store_1phase) -> 300 | E22: =DEC2HEX(SUM(HEX2DEC(BILLINGPARAMBASEADDRESS_1PHASE),HEX2DEC(D22))) -> 1F74F | G22: billing-8 | J22: =SUM(J21,L21) -> 78 | K22: kva | L22: 2 | M22: =(1+M21) -> 16
C23: 9 | D23: =DEC2HEX(C23*numberofbytes_to_store_1phase) -> 360 | E23: =DEC2HEX(SUM(HEX2DEC(BILLINGPARAMBASEADDRESS_1PHASE),HEX2DEC(D23))) -> 1F7AF | G23: billing-9 | J23: =SUM(J22,L22) -> 80 | K23: kva_date | L23: 12 | M23: =(1+M22) -> 17
C24: 10 | D24: =DEC2HEX(C24*numberofbytes_to_store_1phase) -> 3C0 | E24: =DEC2HEX(SUM(HEX2DEC(BILLINGPARAMBASEADDRESS_1PHASE),HEX2DEC(D24))) -> 1F80F | G24: billing-10 | J24: =SUM(J23,L23) -> 92 | K24: dlms_poweron_dur_billing (minutes) | L24: 4 | M24: =(1+M23) -> 18
C25: 11 | D25: =DEC2HEX(C25*numberofbytes_to_store_1phase) -> 420 | E25: =DEC2HEX(SUM(HEX2DEC(BILLINGPARAMBASEADDRESS_1PHASE),HEX2DEC(D25))) -> 1F86F | G25: billing-11 | J25: =SUM(J24,L24) -> 96 | K25: TOTAL | L25: =SUM(L6:L24) -> 96
C26: 12 | D26: =DEC2HEX(C26*numberofbytes_to_store_1phase) -> 480 | E26: =DEC2HEX(SUM(HEX2DEC(BILLINGPARAMBASEADDRESS_1PHASE),HEX2DEC(D26))) -> 1F8CF | G26: billing-12
A27: BILLING_PARAM_CURRENT_ADDRESS | C27: 13 | D27: =DEC2HEX(C27*numberofbytes_to_store_1phase) -> 4E0 | E27: =DEC2HEX(SUM(HEX2DEC(BILLINGPARAMBASEADDRESS_1PHASE),HEX2DEC(D27))) -> 1F92F | G27: not Applicable
C38: bytes | D38: address | E38: HEX
C39: 1 | D39: =DEC2HEX(SUM(HEX2DEC(D27),0)) -> 4E0 | E39: =DEC2HEX(SUM(HEX2DEC(BILLINGPARAMBASEADDRESS_1PHASE),HEX2DEC(D39))) -> 1F92F | G39: dlms_available_billing_period
C40: 4 | D40: =DEC2HEX(SUM(HEX2DEC(D39),C39)) -> 4E1 | E40: =DEC2HEX(SUM(HEX2DEC(BILLINGPARAMBASEADDRESS_1PHASE),HEX2DEC(D40))) -> 1F930 | G40: dlms_cumulative_billing_count
C41: 1 | D41: =DEC2HEX(SUM(HEX2DEC(D40),C40)) -> 4E5 | E41: =DEC2HEX(SUM(HEX2DEC(BILLINGPARAMBASEADDRESS_1PHASE),HEX2DEC(D41))) -> 1F934 | G41: billing_count
C42: 4 | D42: =DEC2HEX(SUM(HEX2DEC(D41),C41)) -> 4E6 | E42: =DEC2HEX(SUM(HEX2DEC(BILLINGPARAMBASEADDRESS_1PHASE),HEX2DEC(D42))) -> 1F935 | G42: md_refaddress
C43: 4 | D43: =DEC2HEX(SUM(HEX2DEC(D42),C42)) -> 4EA | E43: =DEC2HEX(SUM(HEX2DEC(BILLINGPARAMBASEADDRESS_1PHASE),HEX2DEC(D43))) -> 1F939 | G43: md_startdate
C44: 4 | D44: =DEC2HEX(SUM(HEX2DEC(D43),C43)) -> 4EE | E44: =DEC2HEX(SUM(HEX2DEC(BILLINGPARAMBASEADDRESS_1PHASE),HEX2DEC(D44))) -> 1F93D | G44: MDkWhStart
C45: 4 | D45: =DEC2HEX(SUM(HEX2DEC(D44),C44)) -> 4F2 | E45: =DEC2HEX(SUM(HEX2DEC(BILLINGPARAMBASEADDRESS_1PHASE),HEX2DEC(D45))) -> 1F941 | G45: MDKvarhStart
C46: 4 | D46: =DEC2HEX(SUM(HEX2DEC(D45),C45)) -> 4F6 | E46: =DEC2HEX(SUM(HEX2DEC(BILLINGPARAMBASEADDRESS_1PHASE),HEX2DEC(D46))) -> 1F945 | G46: dlms_poweron_dur_billing_seconds
C47: 4 | D47: =DEC2HEX(SUM(HEX2DEC(D46),C46)) -> 4FA | E47: =DEC2HEX(SUM(HEX2DEC(BILLINGPARAMBASEADDRESS_1PHASE),HEX2DEC(D47))) -> 1F949

Sheet Single Action
E2: Single-action Schedule for Billing Dates : 1-phase | M2: numberofbytes to store | P2: BILLING DATE ADDRESS-1PHASE | Q2: =billing_param!E47 -> 1F949
E3: bytes | F3: address | G3: stored @ EEPROM address in HEX | H3: stored @ EEPROM address in DEC
C4: execution_billing_date[0] | D4: YEAR_HIGH | E4: 1 | G4: =BILLING_SCHEDULE_ADDRESS_1PHASE -> 1F949
D5: YEAR_LOW | E5: 1 | G5: =DEC2HEX(SUM(HEX2DEC(G4),E4)) -> 1F94A
D6: MONTH | E6: 1 | G6: =DEC2HEX(SUM(HEX2DEC(G5),E5)) -> 1F94B
D7: DATE | E7: 1 | G7: =DEC2HEX(SUM(HEX2DEC(G6),E6)) -> 1F94C
D8: DAY | E8: 1 | G8: =DEC2HEX(SUM(HEX2DEC(G7),E7)) -> 1F94D
D9: HOUR | E9: 1 | G9: =DEC2HEX(SUM(HEX2DEC(G8),E8)) -> 1F94E
D10: MINUTES | E10: 1 | G10: =DEC2HEX(SUM(HEX2DEC(G9),E9)) -> 1F94F
D11: SECONDS | E11: 1 | G11: =DEC2HEX(SUM(HEX2DEC(G10),E10)) -> 1F950
D12: Subseconds | E12: 1 | G12: =DEC2HEX(SUM(HEX2DEC(G11),E11)) -> 1F951
D13: deviation (High) | E13: 1 | G13: =DEC2HEX(SUM(HEX2DEC(G12),E12)) -> 1F952
D14: deviation )Low) | E14: 1 | G14: =DEC2HEX(SUM(HEX2DEC(G13),E13)) -> 1F953
D15: Status | E15: 1 | G15: =DEC2HEX(SUM(HEX2DEC(G14),E14)) -> 1F954
C16: execution_billing_date[1] | D16: date/time | E16: 12 | G16: =DEC2HEX(SUM(HEX2DEC(G15),E15)) -> 1F955
C17: execution_billing_date[2] | D17: date/time | E17: 12 | G17: =DEC2HEX(SUM(HEX2DEC(G16),E16)) -> 1F961
C18: execution_billing_date[3] | D18: date/time | E18: 12 | G18: =DEC2HEX(SUM(HEX2DEC(G17),E17)) -> 1F96D
C19: execution_billing_date[4] | D19: date/time | E19: 12 | G19: =DEC2HEX(SUM(HEX2DEC(G18),E18)) -> 1F979
C20: execution_billing_date[5] | D20: date/time | E20: 12 | G20: =DEC2HEX(SUM(HEX2DEC(G19),E19)) -> 1F985
C21: execution_billing_date[6] | D21: date/time | E21: 12 | G21: =DEC2HEX(SUM(HEX2DEC(G20),E20)) -> 1F991
C22: execution_billing_date[7] | D22: date/time | E22: 12 | G22: =DEC2HEX(SUM(HEX2DEC(G21),E21)) -> 1F99D
C23: execution_billing_date[8] | D23: date/time | E23: 12 | G23: =DEC2HEX(SUM(HEX2DEC(G22),E22)) -> 1F9A9
C24: execution_billing_date[9] | D24: date/time | E24: 12 | G24: =DEC2HEX(SUM(HEX2DEC(G23),E23)) -> 1F9B5
C25: execution_billing_date[10] | D25: date/time | E25: 12 | G25: =DEC2HEX(SUM(HEX2DEC(G24),E24)) -> 1F9C1
C26: execution_billing_date[11] | D26: date/time | E26: 12 | G26: =DEC2HEX(SUM(HEX2DEC(G25),E25)) -> 1F9CD
C27: next available address | E27: 1 | G27: =DEC2HEX(SUM(HEX2DEC(G26),E26)) -> 1F9D9

Sheet Instataneous Param
B3: numberofbytes to store for 1 phase | E3: BILLING DATE ADDRESS | F3: ='Single Action'!G27 -> 1F9D9
C5: Single phase Instantaneous Parameters (Table 43) - 1-phase
C6: num_bytes | D6: address offset | E6: stored @ EEPROM address in HEX | F6: stored @ EEPROM address in DEC
A7: INSTANT_PARAM_BASEADDRESS | B7: dlms_num_power_fails | C7: 4 | D7: 0 | E7: =DEC2HEX(SUM(HEX2DEC(INSTANTANEOUS_BASEADDR_1PHASE),D7)) -> 1F9D9 | G7: for backward compatibility
B8: dlms_poweron_dur_seconds | C8: 4 | D8: =SUM(D7,C7) -> 4 | E8: =DEC2HEX(SUM(HEX2DEC(INSTANTANEOUS_BASEADDR_1PHASE),D8)) -> 1F9DD | G8: cumulative
B9: dlms_num_tampercount | C9: 4 | D9: =SUM(D8,C8) -> 8 | E9: =DEC2HEX(SUM(HEX2DEC(INSTANTANEOUS_BASEADDR_1PHASE),D9)) -> 1F9E1
B10: dlms_cumulative_billing_count | C10: 4 | D10: =SUM(D9,C9) -> 12 | E10: =DEC2HEX(SUM(HEX2DEC(INSTANTANEOUS_BASEADDR_1PHASE),D10)) -> 1F9E5
B11: dlms_cumulative_pgm_count | C11: 4 | D11: =SUM(D10,C10) -> 16 | E11: =DEC2HEX(SUM(HEX2DEC(INSTANTANEOUS_BASEADDR_1PHASE),D11)) -> 1F9E9
B12: dlms_billing_date | C12: 12 | D12: =SUM(D11,C11) -> 20 | E12: =DEC2HEX(SUM(HEX2DEC(INSTANTANEOUS_BASEADDR_1PHASE),D12)) -> 1F9ED
B13: dlms_cumulative_energy_kwh | C13: 4 | D13: =SUM(D12,C12) -> 32 | E13: =DEC2HEX(SUM(HEX2DEC(INSTANTANEOUS_BASEADDR_1PHASE),D13)) -> 1F9F9
B14: dlms_cumulative_energy_kvarh_lag | C14: 4 | D14: =SUM(D13,C13) -> 36 | E14: =DEC2HEX(SUM(HEX2DEC(INSTANTANEOUS_BASEADDR_1PHASE),D14)) -> 1F9FD
B15: dlms_cumulative_energy_kvarh_lead | C15: 4 | D15: =SUM(D14,C14) -> 40 | E15: =DEC2HEX(SUM(HEX2DEC(INSTANTANEOUS_BASEADDR_1PHASE),D15)) -> 1FA01
B16: dlms_cumulative_energy_kvah | C16: 4 | D16: =SUM(D15,C15) -> 44 | E16: =DEC2HEX(SUM(HEX2DEC(INSTANTANEOUS_BASEADDR_1PHASE),D16)) -> 1FA05
B17: power fail date (YEAR,MONTH,DATE,HOUR,MIN,SEC) | C17: 6 | D17: =SUM(D16,C16) -> 48 | E17: =DEC2HEX(SUM(HEX2DEC(INSTANTANEOUS_BASEADDR_1PHASE),D17)) -> 1FA09
B18: dlms_demand_integration_period | C18: 4 | D18: =SUM(D17,C17) -> 54 | E18: =DEC2HEX(SUM(HEX2DEC(INSTANTANEOUS_BASEADDR_1PHASE),D18)) -> 1FA0F | G18: DLMS_MISC_BASEADDRESS
B19: dlms_profile_capture_period | C19: 4 | D19: =SUM(D18,C18) -> 58 | E19: =DEC2HEX(SUM(HEX2DEC(INSTANTANEOUS_BASEADDR_1PHASE),D19)) -> 1FA13
D20: =SUM(D19,C19) -> 62 | E20: =DEC2HEX(SUM(HEX2DEC(INSTANTANEOUS_BASEADDR_1PHASE),D20)) -> 1FA17

Sheet password
A3: 1-phase password storage | P3: ='Instataneous Param'!E20 -> 1FA17
B9: num_bytes | C9: address offset | D9: stored @ EEPROM address in HEX | E9: stored @ EEPROM address in DEC
A10: LLS password | B10: 8 | C10: 0 | D10: =PASSWORD_BASE_ADDRESS_1PHASE -> 1FA17
A11: HLS password | B11: 16 | C11: =SUM(C10,B10) -> 8 | D11: =DEC2HEX(SUM(HEX2DEC(PASSWORD_BASE_ADDRESS_1PHASE),C11)) -> 1FA1F
C12: =SUM(C11,B11) -> 24 | D12: =DEC2HEX(SUM(HEX2DEC(PASSWORD_BASE_ADDRESS_1PHASE),C12)) -> 1FA2F

Sheet misc
C3: other parameters in 1 phase | R3: ADDR_OTHERS | S3: =password!D12 -> 1FA2F
D5: num_bytes | E5: address offset | F5: stored @ EEPROM address in HEX | G5: stored @ EEPROM address in DEC
B7: OTHER_ADDRESS | C7: power on duration | D7: 4 | E7: 0 | F7: =ADDR_OTHERS -> 1FA2F | H7: dummy data
C8: kwh_start | D8: 4 | E8: =SUM(E7,D7) -> 4 | F8: =DEC2HEX(SUM(HEX2DEC(F7),D7)) -> 1FA33
C9: kwh_finish | D9: 4 | E9: =SUM(E8,D8) -> 8 | F9: =DEC2HEX(SUM(HEX2DEC(F8),D8)) -> 1FA37
C10: Kvah_start | D10: 4 | E10: =SUM(E9,D9) -> 12 | F10: =DEC2HEX(SUM(HEX2DEC(F9),D9)) -> 1FA3B
B11: METERID_BASEADDRESS | C11: meter_id | D11: 4 | E11: =SUM(E10,D10) -> 16 | F11: =DEC2HEX(SUM(HEX2DEC(F10),D10)) -> 1FA3F
B12: AC_CHANGED_ADDRESS | C12: ac_changed | D12: 1 | E12: =SUM(E11,D11) -> 20 | F12: =DEC2HEX(SUM(HEX2DEC(F11),D11)) -> 1FA43
B13: EVENT_EXTENDEDTYPE_BASEADDRESS | C13: event_extended_data(voltage) | D13: 12 | E13: =SUM(E12,D12) -> 21 | F13: =DEC2HEX(SUM(HEX2DEC(F12),D12)) -> 1FA44 | H13: event occurrence/restoration + date_time
C14: event_extended_data(current) | D14: 12 | E14: =SUM(E13,D13) -> 33 | F14: =DEC2HEX(SUM(HEX2DEC(F13),D13)) -> 1FA50
C15: event_extended_data(power) | D15: 12 | E15: =SUM(E14,D14) -> 45 | F15: =DEC2HEX(SUM(HEX2DEC(F14),D14)) -> 1FA5C
C16: event_extended_data(transaction) | D16: 12 | E16: =SUM(E15,D15) -> 57 | F16: =DEC2HEX(SUM(HEX2DEC(F15),D15)) -> 1FA68
C17: event_extended_data(others) | D17: 12 | E17: =SUM(E16,D16) -> 69 | F17: =DEC2HEX(SUM(HEX2DEC(F16),D16)) -> 1FA74
C18: event_extended_data(non_rollovere) | D18: 12 | E18: =SUM(E17,D17) -> 81 | F18: =DEC2HEX(SUM(HEX2DEC(F17),D17)) -> 1FA80
E19: =SUM(E18,D18) -> 93 | F19: =DEC2HEX(SUM(HEX2DEC(F18),D18)) -> 1FA8C
C21: next available address (buffer for growth) | F21: 1FB00

Sheet dailyload
A1: Daily load survey parameters : 1-phase (TBD) | I1: DLMS-maxdays | J1: 35 | K1: DLMS-maxdays | L1: 60 | M1: DLS_numbytestostore_1phase | P1: 20 | R1: DAILYLOAD SURVEY BASE ADRESS_1phase | S1: =misc!F21 -> 1FB00
B2: day | C2: hour | D2: mins | E2: slotnum | F2: offset (hex) | G2: stored @ EEPROM address in HEX | H2: stored @ EEPROM address in DEC | I2: day | J2: hour | K2: mins | L2: slotnum | M2: offset (hex) | N2: stored @ EEPROM address in HEX | O2: stored @ EEPROM address in DEC | P2: day | Q2: hour | R2: mins | S2: slotnum | T2: offset (hex) | U2: stored @ EEPROM address in HEX | V2: stored @ EEPROM address in DEC | X2: day | Y2: hour | Z2: mins | AA2: slotnum | AB2: offset (hex) | AC2: stored @ EEPROM address in HEX | AD2: stored @ EEPROM address in DEC | AF2: day | AG2: hour | AH2: mins | AI2: slotnum | AJ2: offset (hex) | AK2: stored @ EEPROM address in HEX | AL2: stored @ EEPROM address in DEC | AN2: day | AO2: hour | AP2: mins | AQ2: slotnum | AR2: offset (hex) | AS2: stored @ EEPROM address in HEX | AT2: stored @ EEPROM address in DEC | AV2: day | AW2: hour | AX2: mins | AY2: slotnum | AZ2: offset (hex) | BA2: stored @ EEPROM address in HEX | BB2: stored @ EEPROM address in DEC | BD2: day | BE2: hour | BF2: mins | BG2: slotnum | BH2: offset (hex) | BI2: stored @ EEPROM address in HEX | BJ2: stored @ EEPROM address in DEC
B3: 0 | C3: 0 | D3: 0 | E3: =IF(D3=0,(2*C3),(2*C3+1)) -> 0 | F3: =DEC2HEX(SUM((B3*slots_per_day_1phase)+E3)*numberofbytes_tostore_1phase) -> 0 | G3: =DAILYLOADSURVEYBASEADDRESS_1phase -> 1FB00 | I3: 1 | J3: 0 | K3: 0 | L3: =IF(K3=0,(2*J3),(2*J3+1)) -> 0 | M3: 0 | N3: =DEC2HEX(SUM(HEX2DEC(DAILYLOADSURVEYBASEADDRESS_1phase),(DLS_numbytestostore_1phase*I3))) -> 1FB14 | P3: =SUM(I3+1) -> 2 | Q3: 0 | R3: 0 | S3: =IF(R3=0,(2*Q3),(2*Q3+1)) -> 0 | T3: 0 | U3: =DEC2HEX(SUM(HEX2DEC(DAILYLOADSURVEYBASEADDRESS_1phase),(DLS_numbytestostore_1phase*P3))) -> 1FB28 | X3: 7 | Y3: 0 | Z3: 0 | AA3: =IF(Z3=0,(2*Y3),(2*Y3+1)) -> 0 | AB3: 0 | AC3: =DEC2HEX(SUM(HEX2DEC(DAILYLOADSURVEYBASEADDRESS_1phase),(DLS_numbytestostore_1phase*X3))) -> 1FB8C | AF3: 21 | AG3: 0 | AH3: 0 | AI3: =IF(AH3=0,(2*AG3),(2*AG3+1)) -> 0 | AJ3: 0 | AK3: =DEC2HEX(SUM(HEX2DEC(DAILYLOADSURVEYBASEADDRESS_1phase),(DLS_numbytestostore_1phase*AF3))) -> 1FCA4 | AN3: 21 | AO3: 0 | AP3: 0 | AQ3: =IF(AP3=0,(2*AO3),(2*AO3+1)) -> 0 | AR3: 0 | AS3: =DEC2HEX(SUM(HEX2DEC(DAILYLOADSURVEYBASEADDRESS_1phase),(DLS_numbytestostore_1phase*AN3))) -> 1FCA4 | AV3: 35 | AW3: 0 | AX3: 0 | AY3: =IF(AX3=0,(2*AW3),(2*AW3+1)) -> 0 | AZ3: 0 | BA3: =DEC2HEX(SUM(HEX2DEC(DAILYLOADSURVEYBASEADDRESS_1phase),(DLS_numbytestostore_1phase*AV3))) -> 1FDBC | BD3: 60 | BE3: 0 | BF3: 0 | BG3: =IF(BF3=0,(2*BE3),(2*BE3+1)) -> 0 | BH3: 0 | BI3: =DEC2HEX(SUM(HEX2DEC(DAILYLOADSURVEYBASEADDRESS_1phase),(DLS_numbytestostore_1phase*BD3))) -> 1FFB0
B5: load survey last known data is stored here
B7: parameter | D7: bytes | F7: address if DLS = 60 days | G7: address if DLS = 35 days
B8: DLS_numentries | D8: 2 | F8: =DEC2HEX(SUM(HEX2DEC(DAILYLOADSURVEYBASEADDRESS_1phase),DLS_MAXDAYS_60*DLS_numbytestostore_1phase)) -> 1FFB0 | G8: =DEC2HEX(SUM(HEX2DEC(DAILYLOADSURVEYBASEADDRESS_1phase),DLS_MAXDAYS*DLS_numbytestostore_1phase)) -> 1FDBC | H8: DAILYLOADSURVEY_REF_ADDRESS
B9: DLS_startdate | D9: 4 | F9: =DEC2HEX(SUM(HEX2DEC(F8))+D8) -> 1FFB2 | G9: =DEC2HEX(SUM(HEX2DEC(G8))+D8) -> 1FDBE | P9: Example of Load survey storage at EEPROM
B10: DLS_RefAddress | D10: 4 | F10: =DEC2HEX(SUM(HEX2DEC(F9))+D9) -> 1FFB6 | G10: =DEC2HEX(SUM(HEX2DEC(G9))+D9) -> 1FDC2 | P10: Parameter | Q10: bytes | R10: address in hex @EEPROM
B11: year_100 | D11: 1 | F11: =DEC2HEX(SUM(HEX2DEC(F10))+D10) -> 1FFBA | G11: =DEC2HEX(SUM(HEX2DEC(G10))+D10) -> 1FDC6 | P11: year_100 | Q11: 1 | R11: =DAILYLOADSURVEYBASEADDRESS_1phase -> 1FB00
B12: year | D12: 1 | F12: =DEC2HEX(SUM(HEX2DEC(F11))+D11) -> 1FFBB | G12: =DEC2HEX(SUM(HEX2DEC(G11))+D11) -> 1FDC7 | P12: year | Q12: 1 | R12: =DEC2HEX(SUM(Q11,HEX2DEC(R11))) -> 1FB01
B13: month | D13: 1 | F13: =DEC2HEX(SUM(HEX2DEC(F12))+D12) -> 1FFBC | G13: =DEC2HEX(SUM(HEX2DEC(G12))+D12) -> 1FDC8 | P13: month | Q13: 1 | R13: =DEC2HEX(SUM(Q12,HEX2DEC(R12))) -> 1FB02
B14: date | D14: 1 | F14: =DEC2HEX(SUM(HEX2DEC(F13))+D13) -> 1FFBD | G14: =DEC2HEX(SUM(HEX2DEC(G13))+D13) -> 1FDC9 | P14: date | Q14: 1 | R14: =DEC2HEX(SUM(Q13,HEX2DEC(R13))) -> 1FB03
B15: day | D15: 1 | F15: =DEC2HEX(SUM(HEX2DEC(F14))+D14) -> 1FFBE | G15: =DEC2HEX(SUM(HEX2DEC(G14))+D14) -> 1FDCA | P15: day | Q15: 1 | R15: =DEC2HEX(SUM(Q14,HEX2DEC(R14))) -> 1FB04
B16: hour | D16: 1 | F16: =DEC2HEX(SUM(HEX2DEC(F15))+D15) -> 1FFBF | G16: =DEC2HEX(SUM(HEX2DEC(G15))+D15) -> 1FDCB | I16: =SUM(D11:D21) -> 12 | P16: hour | Q16: 1 | R16: =DEC2HEX(SUM(Q15,HEX2DEC(R15))) -> 1FB05
B17: minutes | D17: 1 | F17: =DEC2HEX(SUM(HEX2DEC(F16))+D16) -> 1FFC0 | G17: =DEC2HEX(SUM(HEX2DEC(G16))+D16) -> 1FDCC | P17: minutes | Q17: 1 | R17: =DEC2HEX(SUM(Q16,HEX2DEC(R16))) -> 1FB06
B18: secs | D18: 1 | F18: =DEC2HEX(SUM(HEX2DEC(F17))+D17) -> 1FFC1 | G18: =DEC2HEX(SUM(HEX2DEC(G17))+D17) -> 1FDCD | P18: secs | Q18: 1 | R18: =DEC2HEX(SUM(Q17,HEX2DEC(R17))) -> 1FB07
B19: subsec | D19: 1 | F19: =DEC2HEX(SUM(HEX2DEC(F18))+D18) -> 1FFC2 | G19: =DEC2HEX(SUM(HEX2DEC(G18))+D18) -> 1FDCE | P19: subsecs | Q19: 1 | R19: =DEC2HEX(SUM(Q18,HEX2DEC(R18))) -> 1FB08 | U19: =SUM(HEX2DEC(R24)-HEX2DEC(R11)) -> 20
B20: dev | D20: 2 | F20: =DEC2HEX(SUM(HEX2DEC(F19))+D19) -> 1FFC3 | G20: =DEC2HEX(SUM(HEX2DEC(G19))+D19) -> 1FDCF | P20: dev | Q20: 2 | R20: =DEC2HEX(SUM(Q19,HEX2DEC(R19))) -> 1FB09
B21: sts | D21: 1 | F21: =DEC2HEX(SUM(HEX2DEC(F20))+D20) -> 1FFC5 | G21: =DEC2HEX(SUM(HEX2DEC(G20))+D20) -> 1FDD1 | P21: sts | Q21: 1 | R21: =DEC2HEX(SUM(Q20,HEX2DEC(R20))) -> 1FB0B
F22: =DEC2HEX(SUM(HEX2DEC(F21))+D21) -> 1FFC6 | G22: =DEC2HEX(SUM(HEX2DEC(G21))+D21) -> 1FDD2 | P22: kwh | Q22: 4 | R22: =DEC2HEX(SUM(Q21,HEX2DEC(R21))) -> 1FB0C
P23: kvah | Q23: 4 | R23: =DEC2HEX(SUM(Q22,HEX2DEC(R22))) -> 1FB10
Q24: 4 | R24: =DEC2HEX(SUM(Q23,HEX2DEC(R23))) -> 1FB14 | S24: Next block storage here

Sheet Extra
B3: Extra parameters in 3 phase | O3: Daile Load survey 60 days | P3: =dailyload!F22 -> 1FFC6 | Q3: Daile Load survey 35 days | R3: =dailyload!G22 -> 1FDD2
C5: num_bytes | D5: address offset | E5: stored @ EEPROM address in HEX | F5: stored @ EEPROM address in DEC
B6: time_zone | C6: 2 | D6: 0 | E6: =R3 -> 1FDD2 | F6: =HEX2DEC(E6) -> 130514 | H6: EXTRA_ADDRESS
B7: Next available address | E7: =DEC2HEX(F7) -> 1FDD4 | F7: =(F6+C6) -> 130516
